Flinn_product_category,Flinn_product_sub_category,Flinn_product_id,Flinn_product_name,Flinn_product_quantity,Flinn_product_price,Flinn_product_url,Flinn_image_url,Frey_product_category,Frey_product_sub_category,Frey_product_id,Frey_product_name,Frey_product_quantity,Frey_product_price,Frey_product_url,Frey_image_url,Frey_Match_Score
Technology,Calculators,TC1525,CBL-2,1,$286.23,https://www.flinnsci.com/cbl-2/tc1525/,https://www.flinnsci.com/globalassets/flinn-scientific/all-product-images-rgb-jpegs/tc1525.jpg?format=webp&height=880&upscale=false,,,,No good match found (Low match score),,,,,0
Technology,Motion,TC1518,Accelerometer,1,$121.03,https://www.flinnsci.com/accelerometer/tc1518/,https://www.flinnsci.com/globalassets/flinn-scientific/all-product-images-rgb-jpegs/tc1518.jpg?format=webp&height=880&upscale=false,,,,No good match found (Low match score),,,,,0
Technology,Sensors,TC1593,Polarimeter,1,$599.44,https://www.flinnsci.com/polarimeter/tc1593/,https://www.flinnsci.com/globalassets/flinn-scientific/all-product-images-rgb-jpegs/tc1593.jpg?format=webp&height=880&upscale=false,,,,No good match found (Low match score),,,,,0
Technology,Sensors,TC1504,Colorimeter,1,$139.00,https://www.flinnsci.com/colorimeter/tc1504/,https://www.flinnsci.com/globalassets/flinn-scientific/all-product-images-rgb-jpegs/tc1504.jpg?format=webp&height=880&upscale=false,,,,No good match found (Low match score),,,,,0
STEM Education,WhiteBox Learning,WGC-OR1,1 Ohm Resistor,1,$5.00,https://www.flinnsci.com/1-ohm-resistor/wgc-or1/,https://www.flinnsci.com/globalassets/flinn-scientific/all-product-images-rgb-jpegs/wgc-or1.jpg?format=webp&height=880&upscale=false,,,,No good match found (Low match score),,,,,0
Clearance Items,NA,AP10004,MagLab MagPette,1,$16.85,https://www.flinnsci.com/maglab-magpette/ap10004/,https://www.flinnsci.com/globalassets/flinn-scientific/all-product-images-rgb-jpegs/ap10004_1.jpg?format=webp&height=880&upscale=false,,,,No good match found (Low match score),,,,,0
Apparatus,Laboratory Equipment,AP10005,MagLab MagBox,1,$18.88,https://www.flinnsci.com/maglab-magbox/ap10005/,https://www.flinnsci.com/globalassets/flinn-scientific/all-product-images-rgb-jpegs/ap10005_1.jpg?format=webp&height=880&upscale=false,,,,No good match found (Low match score),,,,,0
Biology,Animals,LM1115,"Drosophila, Wild-type flies (+) common fruit fly",1,$9.81,https://www.flinnsci.com/drosophila-wild-type-/lm1115/,https://www.flinnsci.com/globalassets/flinn-scientific/all-product-images-rgb-jpegs/lm1115etc1.jpg?format=webp&height=880&upscale=false,Science,Lab Supplies,1008716,"Frey Scientific Drosophila Slide, Pack of 15",1,$77.84,https://schoolspecialty.com/science-supplies-and-products/lab-supplies/frey-scientific-drosophila-slide-pack-of-15-1008716,"https://www.schoolspecialty.com/images/aprimo/60e61101-5eff-4cb6-8825-b0f001565405/1008716_A_JPG%20Output.jpg?width=250&height=250&fit=bounds&canvas=250,250&bg-color=ffffff",0.08333333333333333
Biology,Biotechnology,FB2641,Bio-Rad Rapid Blotting + V3 Western Workflow Application Note,1,$22.47,https://www.flinnsci.com/rapid-blotting--v3-western-workflow-application-note/fb2641/,,,,,No good match found (Low match score),,,,,0
Biology,Biotechnology,FB2581,"Bio-Rad AG 50W-X2 Cation Exchange Resin, biotechnology grade, 100–200 mesh, hydrogen form, 500 g",1,$889.69,https://www.flinnsci.com/ag-50w-x2-cation-exchange-resin-biotechnology-grade-100200-mesh-hydrogen-form-500-g/fb2581/,https://www.flinnsci.com/globalassets/flinn-scientific/all-product-images-rgb-jpegs/fb2581.jpg?format=webp&height=880&upscale=false,,,,No good match found (Low match score),,,,,0
Biology,Biotechnology,FB2436,"Bio-Rad 50x Tris/Acetic Acid/EDTA (TAE), 100ml",1,$19.31,https://www.flinnsci.com/50x-trisacetic-acidedta-tae-100ml/fb2436/,https://www.flinnsci.com/globalassets/flinn-scientific/all-product-images-rgb-jpegs/fb2436.jpg?format=webp&height=880&upscale=false,Science,Lab Supplies,1491078,Innovating Science Acid Spill Kit,1,$170.99,https://schoolspecialty.com/science-supplies-and-products/lab-supplies/innovating-science-acid-spill-kit-1491078,"https://www.schoolspecialty.com/images/aprimo/53f7e9d6-16a5-4b63-8e53-b0f001705ddd/1491078_JPG%20Output.jpg?width=250&height=250&fit=bounds&canvas=250,250&bg-color=ffffff",0.08333333333333333
Biology,Biotechnology,FB2406,"Bio-Rad 50x Tris/Acetic Acid/EDTA (TAE,) 5 L",1,$308.83,https://www.flinnsci.com/50x-trisacetic-acidedta-tae-5-l/fb2406/,https://www.flinnsci.com/globalassets/flinn-scientific/all-product-images-rgb-jpegs/fb2406.jpg?format=webp&height=880&upscale=false,Science,Supplemental Curriculum,030-6712,"Delta Education Terraria, 6 L",1,$9.14,https://schoolspecialty.com/science-supplies-and-products/supplemental-curriculum/delta-education-terraria-6l-030-6712,"https://www.schoolspecialty.com/images/aprimo/4b7816fa-1ef5-4011-a2c9-b0f100bc420d/Generic_Replacement_Part_JPG%20Output.jpg?width=250&height=250&fit=bounds&canvas=250,250&bg-color=ffffff",0.08333333333333333
Biology,Biotechnology,FB2403,"Bio-Rad 10x Tris/Boric Acid/EDTA (TBE), 5 L",1,$138.92,https://www.flinnsci.com/10x-trisboric-acidedta-tbe-5-l/fb2403/,https://www.flinnsci.com/globalassets/flinn-scientific/all-product-images-rgb-jpegs/fb2403.jpg?format=webp&height=880&upscale=false,Science,Supplemental Curriculum,030-6712,"Delta Education Terraria, 6 L",1,$9.14,https://schoolspecialty.com/science-supplies-and-products/supplemental-curriculum/delta-education-terraria-6l-030-6712,"https://www.schoolspecialty.com/images/aprimo/4b7816fa-1ef5-4011-a2c9-b0f100bc420d/Generic_Replacement_Part_JPG%20Output.jpg?width=250&height=250&fit=bounds&canvas=250,250&bg-color=ffffff",0.08333333333333333
Biology,Biotechnology,FB2401,"Bio-Rad 50x Tris/Acetic Acid/EDTA (TAE), 1 L",1,$104.95,https://www.flinnsci.com/50x-trisacetic-acidedta-tae-1-l/fb2401/,https://www.flinnsci.com/globalassets/flinn-scientific/all-product-images-rgb-jpegs/fb2401.jpg?format=webp&height=880&upscale=false,Science,Supplemental Curriculum,030-6712,"Delta Education Terraria, 6 L",1,$9.14,https://schoolspecialty.com/science-supplies-and-products/supplemental-curriculum/delta-education-terraria-6l-030-6712,"https://www.schoolspecialty.com/images/aprimo/4b7816fa-1ef5-4011-a2c9-b0f100bc420d/Generic_Replacement_Part_JPG%20Output.jpg?width=250&height=250&fit=bounds&canvas=250,250&bg-color=ffffff",0.08333333333333333
Biology,Biotechnology,FB2397,"Bio-Rad 10x Tris/Boric Acid/EDTA (TBE), 1 L",1,$44.97,https://www.flinnsci.com/10x-trisboric-acidedta-tbe-1-l/fb2397/,https://www.flinnsci.com/globalassets/flinn-scientific/all-product-images-rgb-jpegs/fb2397.jpg?format=webp&height=880&upscale=false,Science,Supplemental Curriculum,030-6712,"Delta Education Terraria, 6 L",1,$9.14,https://schoolspecialty.com/science-supplies-and-products/supplemental-curriculum/delta-education-terraria-6l-030-6712,"https://www.schoolspecialty.com/images/aprimo/4b7816fa-1ef5-4011-a2c9-b0f100bc420d/Generic_Replacement_Part_JPG%20Output.jpg?width=250&height=250&fit=bounds&canvas=250,250&bg-color=ffffff",0.08333333333333333
Biology,Biotechnology,FB2362,Bio-Rad Trans-Blot Turb Midi PVDF Transfer Packs,1,$264.86,https://www.flinnsci.com/trans-blot-turb-midi-pvdf-transfer-packs/fb2362/,https://www.flinnsci.com/globalassets/flinn-scientific/all-product-images-rgb-jpegs/fb2362.jpg?format=webp&height=880&upscale=false,Special Needs,Positioning - Mobility,1583632,Adjustable Shower Transfer Bench,1,$197.54,https://schoolspecialty.com/special-needs/positioning-mobility/adjustable-shower-transfer-bench-1583632,"https://www.schoolspecialty.com/images/aprimo/7e16c7c3-cd20-4f37-853b-b17200df2a9e/1580172_JPG%20Output.jpg?width=250&height=250&fit=bounds&canvas=250,250&bg-color=ffffff",0.08333333333333333
Biology,Biotechnology,FB2583,"Bio-Rad Chelex 100 Chelating Resin, analytical grade, 200–400 mesh, sodium form, 500 g",1,$1207.81,https://www.flinnsci.com/chelex-100-chelating-resin-analytical-grade-200400-mesh-sodium-form-500-g/fb2583/,https://www.flinnsci.com/globalassets/flinn-scientific/all-product-images-rgb-jpegs/fb2583.jpg?format=webp&height=880&upscale=false,Science,Supplemental Curriculum,98-7019,"Sand, Black, 25 g",1,$.97,https://schoolspecialty.com/science-supplies-and-products/supplemental-curriculum/sand-black-25-g-98-7019,"https://www.schoolspecialty.com/images/aprimo/f7055ecc-3a5b-451c-92f7-b0f00133a8dd/98-7019_A_JPG%20Output.jpg?width=250&height=250&fit=bounds&canvas=250,250&bg-color=ffffff",0.08333333333333333
Biology,Biotechnology,FB2582,"Bio-Rad Chelex 100 Chelating Resin, analytical grade, 100–200 mesh, sodium form, 500 g",1,$1003.52,https://www.flinnsci.com/chelex-100-chelating-resin-analytical-grade-100200-mesh-sodium-form-500-g/fb2582/,https://www.flinnsci.com/globalassets/flinn-scientific/all-product-images-rgb-jpegs/fb2582.jpg?format=webp&height=880&upscale=false,Science,Supplemental Curriculum,98-7019,"Sand, Black, 25 g",1,$.97,https://schoolspecialty.com/science-supplies-and-products/supplemental-curriculum/sand-black-25-g-98-7019,"https://www.schoolspecialty.com/images/aprimo/f7055ecc-3a5b-451c-92f7-b0f00133a8dd/98-7019_A_JPG%20Output.jpg?width=250&height=250&fit=bounds&canvas=250,250&bg-color=ffffff",0.08333333333333333
Biology,Microbiology,LM1259,"Fungal Cultures, Sordaria fimicola",1,$30.82,https://www.flinnsci.com/fungal-cultures-sordaria-fimicola/lm1259/,https://www.flinnsci.com/globalassets/flinn-scientific/all-product-images-rgb-jpegs/no_image_available.jpg?format=webp&height=880&upscale=false,,,,No good match found (Low match score),,,,,0
Biology,Microbiology,LM1023,"Fungal Cultures, Saccharomyces cerevisiae",1,$13.33,https://www.flinnsci.com/fungal-cultures-saccharomyces-cerevisiae/lm1023/,https://www.flinnsci.com/globalassets/flinn-scientific/all-product-images-rgb-jpegs/lm1023etc.jpg?format=webp&height=880&upscale=false,,,,No good match found (Low match score),,,,,0
Biology,Microbiology,LM1022,"Fungal Cultures, Rhizopus stolonifer (nigricans), Minus Zygomycete",1,$13.33,https://www.flinnsci.com/fungal-cultures-rhizopus-stolonifer-nigricans-minus-zygomycete/lm1022/,https://www.flinnsci.com/globalassets/flinn-scientific/all-product-images-rgb-jpegs/no_image_available.jpg?format=webp&height=880&upscale=false,,,,No good match found (Low match score),,,,,0
Biology,Microbiology,LM1019,"Fungal Cultures, Aspergillus niger",1,$13.33,https://www.flinnsci.com/fungal-cultures-aspergillus-niger/lm1019/,https://www.flinnsci.com/globalassets/flinn-scientific/all-product-images-rgb-jpegs/lm1019.jpg?format=webp&height=880&upscale=false,,,,No good match found (Low match score),,,,,0
Biology,Microbiology,LM1148,"Bacterial Cultures, Escherichia coli, Lactose Negative",1,$14.01,https://www.flinnsci.com/bacterial-cultures-escherichia-coli-lactose-negative/lm1148/,https://www.flinnsci.com/globalassets/flinn-scientific/all-product-images-rgb-jpegs/lm1000etc.jpg?format=webp&height=880&upscale=false,Science,Chemistry,2134246,Innovation Science AP Biology 8 Biotechnology Bacterial Transformation,1,$229.19,https://schoolspecialty.com/science-supplies-and-products/chemistry/innovation-science-ap-biology-8-biotechnology-bacterial-transformation-2134246,"https://www.schoolspecialty.com/images/aprimo/7a1b2bfa-35b6-4966-a637-b14c010cf0fb/2134246_A_JPG%20Output.jpg?width=250&height=250&fit=bounds&canvas=250,250&bg-color=ffffff",0.08333333333333333
Biology,"Microscopes, Stereoscopes & Slides",ML1402,Parasites - Compariset™,1,$40.40,https://www.flinnsci.com/parasites---compariset/ml1402/,,,,,No good match found (Low match score),,,,,0
Chemistry,Chemistry of Toys,AP5446,Lazer Dazer,1,$8.46,https://www.flinnsci.com/lazer-dazer/ap5446/,https://www.flinnsci.com/globalassets/flinn-scientific/all-product-images-rgb-jpegs/ap5446.jpg?format=webp&height=880&upscale=false,,,,No good match found (Low match score),,,,,0
Chemistry,Laboratory Supplies,AP6286,Piezoelectric Igniter,1,$15.57,https://www.flinnsci.com/piezoelectric-igniter/ap6286/,https://www.flinnsci.com/globalassets/flinn-scientific/all-product-images-rgb-jpegs/ap6286.jpg?format=webp&height=880&upscale=false,,,,No good match found (Low match score),,,,,0
Chemistry,Science Chemistry Student Laboratory Kits,AP10493,"360Science™: How Sunscreen Protects Us From Radiation, 3-Year Access",1,$132.24,https://www.flinnsci.com/360-science-how-sunscreen-protects-us-from-radiation--3-year-access/ap10493/,https://www.flinnsci.com/globalassets/flinn-scientific/all-product-images-rgb-jpegs/pf2059_shutterstock_1452904280.jpg?format=webp&height=880&upscale=false,Educational Technology,Interactive Learning - Technology,2135097,"Makerbot Building Certification, 1 Year",1,"$1,340.21",https://schoolspecialty.com/educational-technology/interactive-learning-technology/makerbot-building-certification-1-year-2135097,"https://www.schoolspecialty.com/images/aprimo/108f8304-4d23-4bf5-a44c-b0f1010549b2/Makerbot2018_JPG%20Output.jpg?width=250&height=250&fit=bounds&canvas=250,250&bg-color=ffffff",0.08333333333333333
Chemistry,Science Chemistry Student Laboratory Kits,AP10393,"360Science™: How Sunscreen Protects Us From Radiation, 1-Year Access",1,$115.44,https://www.flinnsci.com/360-science-how-sunscreen-protects-us-from-radiation--1-year-access/ap10393/,https://www.flinnsci.com/globalassets/flinn-scientific/all-product-images-rgb-jpegs/pf2059_shutterstock_1452904280.jpg?format=webp&height=880&upscale=false,Educational Technology,Interactive Learning - Technology,2135097,"Makerbot Building Certification, 1 Year",1,"$1,340.21",https://schoolspecialty.com/educational-technology/interactive-learning-technology/makerbot-building-certification-1-year-2135097,"https://www.schoolspecialty.com/images/aprimo/108f8304-4d23-4bf5-a44c-b0f1010549b2/Makerbot2018_JPG%20Output.jpg?width=250&height=250&fit=bounds&canvas=250,250&bg-color=ffffff",0.08333333333333333
Earth & Environmental Science,Geology,AP4967,Peridotite,1,$12.10,https://www.flinnsci.com/peridotite/ap4967/,https://www.flinnsci.com/globalassets/flinn-scientific/all-product-images-rgb-jpegs/ap4945etc.jpg?format=webp&height=880&upscale=false,,,,No good match found (Low match score),,,,,0
Earth & Environmental Science,Geology,AP5121,Sedimentator,1,$24.66,https://www.flinnsci.com/sedimentator/ap5121/,https://www.flinnsci.com/globalassets/flinn-scientific/all-product-images-rgb-jpegs/ap5121.png?format=webp&height=880&upscale=false,,,,No good match found (Low match score),,,,,0
Lab Furniture,Fume Hood Accessories,SE4055,Velometer (Vaneometer®),1,$112.07,https://www.flinnsci.com/velometer-vaneometer/se4055/,https://www.flinnsci.com/globalassets/flinn-scientific/all-product-images-rgb-jpegs/se4055_2.jpg?format=webp&height=880&upscale=false,,,,No good match found (Low match score),,,,,0
Forensic Science,Footwear & Print Casting,AP7755,BioFoam® Footwear Impression,1,$18.00,https://www.flinnsci.com/biofoam-footwear-impression/ap7755/,https://www.flinnsci.com/globalassets/flinn-scientific/all-product-images-rgb-jpegs/ap7755_1.jpg?format=webp&height=880&upscale=false,,,,No good match found (Low match score),,,,,0
Physics & Physical Science,Energy & Work,AP6473,Collider,1,$151.30,https://www.flinnsci.com/collider/ap6473/,https://www.flinnsci.com/globalassets/flinn-scientific/all-product-images-rgb-jpegs/ap6473.jpg?format=webp&height=880&upscale=false,,,,No good match found (Low match score),,,,,0
Physics & Physical Science,Flinn PSworks,AP7208,PSworks Parabola™,1,$105.13,https://www.flinnsci.com/psworks-parabola/ap7208/,https://www.flinnsci.com/globalassets/flinn-scientific/all-product-images-rgb-jpegs/ap7208.jpg?format=webp&height=880&upscale=false,,,,No good match found (Low match score),,,,,0
Physics & Physical Science,Modern Materials,AP7776,Aerogel,1,$55.82,https://www.flinnsci.com/aerogel/ap7776/,https://www.flinnsci.com/globalassets/flinn-scientific/all-product-images-rgb-jpegs/ap7776.jpg?format=webp&height=880&upscale=false,,,,No good match found (Low match score),,,,,0
Physics & Physical Science,Motion,AP1972,Celt,1,$6.38,https://www.flinnsci.com/celt/ap1972/,https://www.flinnsci.com/globalassets/flinn-scientific/all-product-images-rgb-jpegs/ap1972.jpg?format=webp&height=880&upscale=false,,,,No good match found (Low match score),,,,,0
Physics & Physical Science,Physics of Toys,AP6657,Airzooka,1,$26.00,https://www.flinnsci.com/airzooka/ap6657/,https://www.flinnsci.com/globalassets/flinn-scientific/all-product-images-rgb-jpegs/ap6657.jpg?format=webp&height=880&upscale=false,,,,No good match found (Low match score),,,,,0
360Science,NA,DC11671,360Science™: Radioactive Decay,1,$0.00,https://www.flinnsci.com/360science-radioactive-decay/dc11671/,,,,,No good match found (Low match score),,,,,0
360Science,NA,DC11656,360Science™: Compressibility,1,$0.00,https://www.flinnsci.com/360science-compressibility/dc11656/,,,,,No good match found (Low match score),,,,,0
360Science,NA,DC11654,360Science™: Manipulating Equilibria,1,$0.00,https://www.flinnsci.com/360science-manipulating-equilibria/dc11654/,,,,,No good match found (Low match score),,,,,0
Biology,Anatomy & Physiology,DC10852,Mechanoreceptors,1,$0.00,https://www.flinnsci.com/mechanoreceptors/dc10852/,,,,,No good match found (Low match score),,,,,0
Biology,Animals,VFM0449,Minks Versus Cats,1,$0.00,https://www.flinnsci.com/minks-versus-cats/vfm0449/,,,,,No good match found (Low match score),,,,,0
Biology,Animals,DC11028,Culturing Snails,1,$0.00,https://www.flinnsci.com/culturing-snails/dc11028/,,,,,No good match found (Low match score),,,,,0
Biology,Animals,DC11027,Culturing Rotifers,1,$0.00,https://www.flinnsci.com/culturing-rotifers/dc11027/,,,,,No good match found (Low match score),,,,,0
Biology,Animals,DC10732,Vermicomposting,1,$0.00,https://www.flinnsci.com/vermicomposting/dc10732/,,,,,No good match found (Low match score),,,,,0
Biology,Animals,DC10585,Culturing Planaria,1,$0.00,https://www.flinnsci.com/culturing-planaria/dc10585/,,,,,No good match found (Low match score),,,,,0
Biology,Animals,DC10584,Culturing Mealworms,1,$0.00,https://www.flinnsci.com/culturing-mealworms/dc10584/,,,,,No good match found (Low match score),,,,,0
Biology,Animals,DC10582,Culturing Crickets,1,$0.00,https://www.flinnsci.com/culturing-crickets/dc10582/,,,,,No good match found (Low match score),,,,,0
Biology,Animals,DC10579,Culturing Hydra,1,$0.00,https://www.flinnsci.com/culturing-hydra/dc10579/,,,,,No good match found (Low match score),,,,,0
Biology,Animals,DC10380,LD50,1,$0.00,https://www.flinnsci.com/ld50/dc10380/,,,,,No good match found (Low match score),,,,,0
Biology,Animals,DC10156,Lumbriculus variegatus,1,$0.00,https://www.flinnsci.com/lumbriculus-variegatus/dc10156/,,,,,No good match found (Low match score),,,,,0
Biology,Animals,DC0952,Formalternate,1,$0.00,https://www.flinnsci.com/formalternate/dc0952/,,,,,No good match found (Low match score),,,,,0
Biology,Biochemistry,DC11275,Lactose Intolerance,1,$0.00,https://www.flinnsci.com/lactose-intolerance/dc11275/,,,,,No good match found (Low match score),,,,,0
Biology,Cells,DC10159,Stressed Membranes,1,$0.00,https://www.flinnsci.com/stressed-membranes/dc10159/,,,,,No good match found (Low match score),,,,,0
Biology,Microbiology,VPD0166,"Petrifilm, FB1171",1,$0.00,https://www.flinnsci.com/petrifilm-fb1171/vpd0166/,,,,,No good match found (Low match score),,,,,0
Biology,Microbiology,DC10375,Sterilization Guidelines,1,$0.00,https://www.flinnsci.com/sterilization-guidelines/dc10375/,,,,,No good match found (Low match score),,,,,0
Biology,Plants,DC10599,Fantastic Fluorescing Chlorophyll,1,$0.00,https://www.flinnsci.com/fantastic-fluorescing-chlorophyll/dc10599/,,School - Office Supplies,Classroom Decorations,1539686,"Teacher Created Resources Magnetic Letters, 3 Inches, Fantastic Font, Set of 67",1,$14.99,https://schoolspecialty.com/school-office-supplies/classroom-decorations/tcr-magnetic-letters-1539686,"https://www.schoolspecialty.com/images/aprimo/94d9a145-bd16-47f9-93c4-b0f1002e2a65/1539686_A_JPG%20Output.jpg?width=250&height=250&fit=bounds&canvas=250,250&bg-color=ffffff",0.08333333333333333
Biology,Protozoa,DC11284,Culturing Chilomonas,1,$0.00,https://www.flinnsci.com/culturing-chilomonas/dc11284/,,,,,No good match found (Low match score),,,,,0
Chemistry,Chemical Demonstrations,VPD0232,Polysnow™,1,$0.00,https://www.flinnsci.com/polysnow_e8a6b1e4/vpd0232/,,,,,No good match found (Low match score),,,,,0
Chemistry,Chemical Demonstrations,VEL5000,Foiled Again,1,$0.00,https://www.flinnsci.com/foiled-again2/vel5000/,,English Language Arts,Books - Literature,2023727,"Mantra Lingua Not Again Red Riding Hood, Spanish and English Bilingual Book",1,$24.74,https://schoolspecialty.com/english-language-arts/books-literature/mantra-lingua-not-again-red-riding-hood-spanish-english-2023727,"https://www.schoolspecialty.com/images/aprimo/3fd2f592-d6e6-49e5-aa57-b0f10109809b/2023727_A_JPG%20Output.jpg?width=250&height=250&fit=bounds&canvas=250,250&bg-color=ffffff",0.08333333333333333
Chemistry,Chemical Demonstrations,VEL1812B,Fluorescence,1,$0.00,https://www.flinnsci.com/fluorescence2/vel1812b/,,,,,No good match found (Low match score),,,,,0
Chemistry,Chemical Demonstrations,VEL1618,Methane Mamba,1,$0.00,https://www.flinnsci.com/methane-mamba2/vel1618/,,,,,No good match found (Low match score),,,,,0
Chemistry,Chemical Demonstrations,VEL1531,Colorimetry,1,$0.00,https://www.flinnsci.com/colorimetry2/vel1531/,,,,,No good match found (Low match score),,,,,0
Chemistry,Chemical Demonstrations,VEL1512,Supersaturation,1,$0.00,https://www.flinnsci.com/supersaturation/vel1512/,,,,,No good match found (Low match score),,,,,0
Chemistry,Chemical Demonstrations,VEL1431,Photonic Phosphorescence,1,$0.00,https://www.flinnsci.com/photonic-phosphorescence2/vel1431/,,,,,No good match found (Low match score),,,,,0
Chemistry,Chemical Demonstrations,VEL1414,Hexaflexagon,1,$0.00,https://www.flinnsci.com/hexaflexagon2/vel1414/,,,,,No good match found (Low match score),,,,,0
Chemistry,Chemical Demonstrations,VEL1243,Molarity versus Molality,1,$0.00,https://www.flinnsci.com/molarity-versus-molality2/vel1243/,,,,,No good match found (Low match score),,,,,0
Chemistry,Chemical Demonstrations,VEL1223,Pink Panther Breath - Macroscale,1,$0.00,https://www.flinnsci.com/pink-panther-breath---macroscale2/vel1223/,,Furniture,Seating,1273951,"NPS 9300 Stackable Chair, Fabric Seat, 17-3/4 x 22 x 37 Inches, Panther Black, Sandtex Black Frame",1,$100.46,https://schoolspecialty.com/furniture/seating/nps-9300-stackable-chair-fabric-seat-17-3-4-x-22-x-37-inches-panther-black-sandtex-black-frame-1273951,"https://www.schoolspecialty.com/images/aprimo/f63f1645-d46e-4578-b6b8-b13c0015b55e/1426459_JPG%20Output.jpg?width=250&height=250&fit=bounds&canvas=250,250&bg-color=ffffff",0.08333333333333333
Chemistry,Chemical Demonstrations,VEL1214,Rutherford Scattering,1,$0.00,https://www.flinnsci.com/rutherford-scattering2/vel1214/,,,,,No good match found (Low match score),,,,,0
Chemistry,Chemical Demonstrations,DC95000,Foiled Again,1,$0.00,https://www.flinnsci.com/foiled-again/dc95000/,,English Language Arts,Books - Literature,2023727,"Mantra Lingua Not Again Red Riding Hood, Spanish and English Bilingual Book",1,$24.74,https://schoolspecialty.com/english-language-arts/books-literature/mantra-lingua-not-again-red-riding-hood-spanish-english-2023727,"https://www.schoolspecialty.com/images/aprimo/3fd2f592-d6e6-49e5-aa57-b0f10109809b/2023727_A_JPG%20Output.jpg?width=250&height=250&fit=bounds&canvas=250,250&bg-color=ffffff",0.08333333333333333
Chemistry,Chemical Demonstrations,DC91812B,Fluorescence,1,$0.00,https://www.flinnsci.com/fluorescence/dc91812b/,,,,,No good match found (Low match score),,,,,0
Chemistry,Chemical Demonstrations,DC91618,Methane Mamba,1,$0.00,https://www.flinnsci.com/methane-mamba/dc91618/,,,,,No good match found (Low match score),,,,,0
Chemistry,Chemical Demonstrations,DC91531,Colorimetry,1,$0.00,https://www.flinnsci.com/colorimetry/dc91531/,,,,,No good match found (Low match score),,,,,0
Chemistry,Chemical Demonstrations,DC91431,Photonic Phosphorescence,1,$0.00,https://www.flinnsci.com/photonic-phosphorescence/dc91431/,,,,,No good match found (Low match score),,,,,0
Chemistry,Chemical Demonstrations,DC91414,Hexaflexagon,1,$0.00,https://www.flinnsci.com/hexaflexagon/dc91414/,,,,,No good match found (Low match score),,,,,0
Chemistry,Chemical Demonstrations,DC91404,Blue + Blue ≠ Blue,1,$0.00,https://www.flinnsci.com/blue--blue--blue/dc91404/,,,,,No good match found (Low match score),,,,,0
Chemistry,Chemical Demonstrations,DC91243,Molarity versus Molality,1,$0.00,https://www.flinnsci.com/molarity-versus-molality/dc91243/,,,,,No good match found (Low match score),,,,,0
Chemistry,Chemical Demonstrations,DC91223,Pink Panther Breath - Macroscale,1,$0.00,https://www.flinnsci.com/pink-panther-breath---macroscale/dc91223/,,Furniture,Seating,1273951,"NPS 9300 Stackable Chair, Fabric Seat, 17-3/4 x 22 x 37 Inches, Panther Black, Sandtex Black Frame",1,$100.46,https://schoolspecialty.com/furniture/seating/nps-9300-stackable-chair-fabric-seat-17-3-4-x-22-x-37-inches-panther-black-sandtex-black-frame-1273951,"https://www.schoolspecialty.com/images/aprimo/f63f1645-d46e-4578-b6b8-b13c0015b55e/1426459_JPG%20Output.jpg?width=250&height=250&fit=bounds&canvas=250,250&bg-color=ffffff",0.08333333333333333
Chemistry,Chemical Demonstrations,DC91214,Rutherford Scattering,1,$0.00,https://www.flinnsci.com/rutherford-scattering/dc91214/,,,,,No good match found (Low match score),,,,,0
Chemistry,Chemical Demonstrations,DC8836,Dissolvo,1,$0.00,https://www.flinnsci.com/dissolvo/dc8836/,,,,,No good match found (Low match score),,,,,0
Chemistry,Chemical Demonstrations,DC5446,Lazer Dazer,1,$0.00,https://www.flinnsci.com/lazer-dazer_cca6f5fc/dc5446/,,,,,No good match found (Low match score),,,,,0
Chemistry,Chemical Demonstrations,DC19621,Polyspheres,1,$0.00,https://www.flinnsci.com/polyspheres/dc19621/,,,,,No good match found (Low match score),,,,,0
Chemistry,Chemical Demonstrations,DC10733,Pseudoscience,1,$0.00,https://www.flinnsci.com/pseudoscience/dc10733/,,,,,No good match found (Low match score),,,,,0
Chemistry,Chemical Demonstrations,DC10474,PolySnow,1,$0.00,https://www.flinnsci.com/polysnow_1171b88b/dc10474/,,,,,No good match found (Low match score),,,,,0
Chemistry,Chemical Demonstrations,DC10246,Electronegativity,1,$0.00,https://www.flinnsci.com/electronegativity/dc10246/,,,,,No good match found (Low match score),,,,,0
Chemistry,Chemical Demonstrations,DC07451,Effervescent Oscillator,1,$0.00,https://www.flinnsci.com/effervescent-oscillator/dc07451/,,,,,No good match found (Low match score),,,,,0
Chemistry,Microscale Chemistry,VEL1226,Pink Panther Breath - Microscale,1,$0.00,https://www.flinnsci.com/pink-panther-breath---microscale/vel1226/,,Furniture,Seating,1273951,"NPS 9300 Stackable Chair, Fabric Seat, 17-3/4 x 22 x 37 Inches, Panther Black, Sandtex Black Frame",1,$100.46,https://schoolspecialty.com/furniture/seating/nps-9300-stackable-chair-fabric-seat-17-3-4-x-22-x-37-inches-panther-black-sandtex-black-frame-1273951,"https://www.schoolspecialty.com/images/aprimo/f63f1645-d46e-4578-b6b8-b13c0015b55e/1426459_JPG%20Output.jpg?width=250&height=250&fit=bounds&canvas=250,250&bg-color=ffffff",0.08333333333333333
Chemistry,Student Lab Activities,DC91226,Pink Panther Breath-Microscale,1,$0.00,https://www.flinnsci.com/pink-panther-breath-microscale/dc91226/,,Furniture,Seating,1273951,"NPS 9300 Stackable Chair, Fabric Seat, 17-3/4 x 22 x 37 Inches, Panther Black, Sandtex Black Frame",1,$100.46,https://schoolspecialty.com/furniture/seating/nps-9300-stackable-chair-fabric-seat-17-3-4-x-22-x-37-inches-panther-black-sandtex-black-frame-1273951,"https://www.schoolspecialty.com/images/aprimo/f63f1645-d46e-4578-b6b8-b13c0015b55e/1426459_JPG%20Output.jpg?width=250&height=250&fit=bounds&canvas=250,250&bg-color=ffffff",0.08333333333333333
Chemistry,Student Lab Activities,DC10570,Ban Dihydrogen Monoxide!,1,$0.00,https://www.flinnsci.com/ban-dihydrogen-monoxide/dc10570/,,School Safety,Surveillance,2009765,"Kidde Fire Carbon Monoxide Alarm -- AC/DC Plug-In Detector, White",1,$83.21,https://schoolspecialty.com/school-safety-supplies-and-products/surveillance/kidde-fire-carbon-monoxide-alarm-ac-dc-plug-in-detector-white-2009765,"https://www.schoolspecialty.com/images/aprimo/5aa74b14-2400-4e46-b80f-b0f0018326ff/2009765_SPR_JPG%20Output.jpg?width=250&height=250&fit=bounds&canvas=250,250&bg-color=ffffff",0.08333333333333333
Chemistry,Student Lab Activities,DC0295,Heigh-Ho Silver,1,$0.00,https://www.flinnsci.com/heigh-ho-silver/dc0295/,,,,,No good match found (Low match score),,,,,0
Earth & Environmental Science,Water Testing,DC0846,Winkler Titration,1,$0.00,https://www.flinnsci.com/winkler-titration/dc0846/,,,,,No good match found (Low match score),,,,,0
Physics & Physical Science,Energy & Work,VPD0284,"Collider, AP6473",1,$0.00,https://www.flinnsci.com/collider-ap6473/vpd0284/,,,,,No good match found (Low match score),,,,,0
Physics & Physical Science,Energy & Work,DC1972,Celt,1,$0.00,https://www.flinnsci.com/celt_794de838/dc1972/,,,,,No good match found (Low match score),,,,,0
Safety Reference,Flinn Safety Course,VSC0629,Negligence - Damages,1,$0.00,https://www.flinnsci.com/negligence---damages/vsc0629/,,,,,No good match found (Low match score),,,,,0
Safety Reference,Flinn Safety Course,VSC0535,Larry Flinn Website Overview,1,$0.00,https://www.flinnsci.com/larry-flinn-website-overview/vsc0535/,,,,,No good match found (Low match score),,,,,0
Safety Reference,Flinn Safety Course,VSC0518,Colleagues Won't Keep Prep Room Doors Locked. Suggestions?,1,$0.00,https://www.flinnsci.com/colleagues-wont-keep-prep-room-doors-locked.-suggestions/vsc0518/,,Furniture,Room Dividers - Partitions,2039316,Screenflex Clear Room Dividers,1,"$2,831.96",https://schoolspecialty.com/furniture/room-dividers-partitions/screenflex-clear-room-dividers-2039316,"https://www.schoolspecialty.com/images/aprimo/e807c566-1acc-4e10-a67a-b0f100ad3ec2/2039316_JPG%20Output.jpg?width=250&height=250&fit=bounds&canvas=250,250&bg-color=ffffff",0.08333333333333333
Safety Reference,Safety Demonstrations,DC10366,Flaming Fingernails,1,$0.00,https://www.flinnsci.com/flaming-fingernails/dc10366/,,,,,No good match found (Low match score),,,,,0
Chemicals,NA,P0268,"Perchloroethylene, 500 mL",1,$33.95,https://www.flinnsci.com/perchloroethylene-500-ml/p0268/,https://www.flinnsci.com/globalassets/flinn-scientific/all-product-images-rgb-jpegs/p0268_e.jpg?format=webp&height=880&upscale=false,,,,No good match found (Low match score),,,,,0
Chemicals,NA,P0213,"Pentane, 100 mL",1,$11.00,https://www.flinnsci.com/pentane-100-ml/p0213/,https://www.flinnsci.com/globalassets/flinn-scientific/all-product-images-rgb-jpegs/p0213_e.jpg?format=webp&height=880&upscale=false,,,,No good match found (Low match score),,,,,0
Chemicals,NA,M0215,"Mesitylene, 100 mL",1,$38.90,https://www.flinnsci.com/mesitylene-100-ml/m0215/,https://www.flinnsci.com/globalassets/flinn-scientific/all-product-images-rgb-jpegs/m0215_e.jpg?format=webp&height=880&upscale=false,,,,No good match found (Low match score),,,,,0
Chemicals,NA,E0020,"Ethylene Glycol, 500 mL",1,$10.64,https://www.flinnsci.com/ethylene-glycol-500-ml/e0020/,https://www.flinnsci.com/globalassets/flinn-scientific/all-product-images-rgb-jpegs/e0020_e.jpg?format=webp&height=880&upscale=false,,,,No good match found (Low match score),,,,,0
Chemicals,NA,C0289,"Cyclohexanone, 500 mL",1,$37.26,https://www.flinnsci.com/cyclohexanone-500-ml/c0289/,https://www.flinnsci.com/globalassets/flinn-scientific/all-product-images-rgb-jpegs/c0289_e.jpg?format=webp&height=880&upscale=false,,,,No good match found (Low match score),,,,,0
Chemicals,NA,C0113,"Cyclohexane, 500 mL",1,$13.84,https://www.flinnsci.com/cyclohexane-500-ml/c0113/,https://www.flinnsci.com/globalassets/flinn-scientific/all-product-images-rgb-jpegs/c0113_e.jpg?format=webp&height=880&upscale=false,,,,No good match found (Low match score),,,,,0
Chemicals,NA,B0239,"2-Bromobutane, 100 mL",1,$39.78,https://www.flinnsci.com/2-bromobutane-100-ml/b0239/,https://www.flinnsci.com/globalassets/flinn-scientific/all-product-images-rgb-jpegs/b0239_e.jpg?format=webp&height=880&upscale=false,,,,No good match found (Low match score),,,,,0
Chemicals,NA,B0238,"1-Bromobutane, 100 mL",1,$20.34,https://www.flinnsci.com/1-bromobutane-100-ml/b0238/,https://www.flinnsci.com/globalassets/flinn-scientific/all-product-images-rgb-jpegs/b0238_e.jpg?format=webp&height=880&upscale=false,,,,No good match found (Low match score),,,,,0
Chemicals,NA,Q0018,"1-Octanol, 100 mL",1,$15.69,https://www.flinnsci.com/1-octanol-100-ml/q0018/,https://www.flinnsci.com/globalassets/flinn-scientific/all-product-images-rgb-jpegs/q0018_e.jpg?format=webp&height=880&upscale=false,,,,No good match found (Low match score),,,,,0
Chemicals,NA,Q0014,"1-Octanol, 500 mL",1,$40.23,https://www.flinnsci.com/1-octanol-500-ml/q0014/,https://www.flinnsci.com/globalassets/flinn-scientific/all-product-images-rgb-jpegs/q0014_e.jpg?format=webp&height=880&upscale=false,,,,No good match found (Low match score),,,,,0
Chemicals,NA,K0002,"Kerosene, 500 mL",1,$12.64,https://www.flinnsci.com/kerosene-500-ml/k0002/,https://www.flinnsci.com/globalassets/flinn-scientific/all-product-images-rgb-jpegs/k0002_e.jpg?format=webp&height=880&upscale=false,,,,No good match found (Low match score),,,,,0
Chemicals,NA,C0141,"Cyclohexene, 500 mL",1,$66.68,https://www.flinnsci.com/cyclohexene-500-ml/c0141/,https://www.flinnsci.com/globalassets/flinn-scientific/all-product-images-rgb-jpegs/c0141_e.jpg?format=webp&height=880&upscale=false,,,,No good match found (Low match score),,,,,0
Chemicals,NA,C0190,"Cyclohexanol, 500 mL",1,$60.24,https://www.flinnsci.com/cyclohexanol-500-ml/c0190/,https://www.flinnsci.com/globalassets/flinn-scientific/all-product-images-rgb-jpegs/c0190_e.jpg?format=webp&height=880&upscale=false,,,,No good match found (Low match score),,,,,0
Chemicals,NA,B0138,"Bromobenzene, 100 mL",1,$44.83,https://www.flinnsci.com/bromobenzene-100-ml/b0138/,https://www.flinnsci.com/globalassets/flinn-scientific/all-product-images-rgb-jpegs/b0138_e.jpg?format=webp&height=880&upscale=false,,,,No good match found (Low match score),,,,,0
Chemicals,NA,B0017,"Benzaldehyde, 100 mL",1,$26.68,https://www.flinnsci.com/benzaldehyde-100-ml/b0017/,https://www.flinnsci.com/globalassets/flinn-scientific/all-product-images-rgb-jpegs/b0017_e.jpg?format=webp&height=880&upscale=false,,,,No good match found (Low match score),,,,,0
