Flinn_product_category,Flinn_product_sub_category,Flinn_product_id,Flinn_product_name,Flinn_product_quantity,Flinn_product_price,Flinn_product_url,Flinn_image_url,Frey_product_category,Frey_product_sub_category,Frey_product_id,Frey_product_name,Frey_product_quantity,Frey_product_price,Frey_product_url,Frey_image_url,Frey_Match_Score
Technology,Calculators,TC1525,CBL-2,1,$286.23,https://www.flinnsci.com/cbl-2/tc1525/,https://www.flinnsci.com/globalassets/flinn-scientific/all-product-images-rgb-jpegs/tc1525.jpg?format=webp&height=880&upscale=false,,,,No good match found (Low match score),,,,,0
Technology,Motion,TC1518,Accelerometer,1,$121.03,https://www.flinnsci.com/accelerometer/tc1518/,https://www.flinnsci.com/globalassets/flinn-scientific/all-product-images-rgb-jpegs/tc1518.jpg?format=webp&height=880&upscale=false,,,,No good match found (Low match score),,,,,0
Technology,Sensors,TC1593,Polarimeter,1,$599.44,https://www.flinnsci.com/polarimeter/tc1593/,https://www.flinnsci.com/globalassets/flinn-scientific/all-product-images-rgb-jpegs/tc1593.jpg?format=webp&height=880&upscale=false,,,,No good match found (Low match score),,,,,0
Technology,Sensors,TC1504,Colorimeter,1,$139.00,https://www.flinnsci.com/colorimeter/tc1504/,https://www.flinnsci.com/globalassets/flinn-scientific/all-product-images-rgb-jpegs/tc1504.jpg?format=webp&height=880&upscale=false,,,,No good match found (Low match score),,,,,0
STEM Education,IMSA Fusion Flinn STEM Lab Modules,AP9971,Building Martian Cargo Rovers—Unit from Mars: Manifest Destiny,1,$84.84,https://www.flinnsci.com/building-martian-cargo-roversimsa-fusion-mars-unit/ap9971/,https://www.flinnsci.com/globalassets/flinn-scientific/all-product-images-rgb-jpegs/ap9971.jpg?format=webp&height=880&upscale=false,Science,Elementary Science,2090546,GeoSmart Mars Explorer,1,$97.21,https://schoolspecialty.com/science-supplies-and-products/elementary-science/geosmart-mars-explorer-2090546,"https://www.schoolspecialty.com/images/aprimo/3ad485a3-0d2c-493f-b320-b0f001580944/2090546_A_JPG%20Output.jpg?width=250&height=250&fit=bounds&canvas=250,250&bg-color=ffffff",0.09090909090909091
STEM Education,WhiteBox Learning,WGC-OR1,1 Ohm Resistor,1,$5.00,https://www.flinnsci.com/1-ohm-resistor/wgc-or1/,https://www.flinnsci.com/globalassets/flinn-scientific/all-product-images-rgb-jpegs/wgc-or1.jpg?format=webp&height=880&upscale=false,,,,No good match found (Low match score),,,,,0
Clearance Items,NA,AP10004,MagLab MagPette,1,$16.85,https://www.flinnsci.com/maglab-magpette/ap10004/,https://www.flinnsci.com/globalassets/flinn-scientific/all-product-images-rgb-jpegs/ap10004_1.jpg?format=webp&height=880&upscale=false,,,,No good match found (Low match score),,,,,0
Apparatus,Laboratory Equipment,AP10005,MagLab MagBox,1,$18.88,https://www.flinnsci.com/maglab-magbox/ap10005/,https://www.flinnsci.com/globalassets/flinn-scientific/all-product-images-rgb-jpegs/ap10005_1.jpg?format=webp&height=880&upscale=false,,,,No good match found (Low match score),,,,,0
Biology,Animals,LM1115,"Drosophila, Wild-type flies (+) common fruit fly",1,$9.81,https://www.flinnsci.com/drosophila-wild-type-/lm1115/,https://www.flinnsci.com/globalassets/flinn-scientific/all-product-images-rgb-jpegs/lm1115etc1.jpg?format=webp&height=880&upscale=false,,,,No good match found (Low match score),,,,,0
Biology,Biotechnology,FB2641,Bio-Rad Rapid Blotting + V3 Western Workflow Application Note,1,$22.47,https://www.flinnsci.com/rapid-blotting--v3-western-workflow-application-note/fb2641/,,,,,No good match found (Low match score),,,,,0
Biology,Biotechnology,FB2597,Bio-Rad PowerPac HV Power Suppl w Temperature Probe,1,$3243.35,https://www.flinnsci.com/powerpac-hv-power-suppl-w-temperature-probe/fb2597/,https://www.flinnsci.com/globalassets/flinn-scientific/all-product-images-rgb-jpegs/fb2597.jpg?format=webp&height=880&upscale=false,Science,Robotics - Coding,2125625,Cubit Temperature Sensor,1,$25.00,https://schoolspecialty.com/science-supplies-and-products/robotics-coding/cubit-temperature-sensor-2125625,"https://www.schoolspecialty.com/images/aprimo/b0179845-b797-43c0-ba20-b0f100c228cd/2125625_A_JPG%20Output.jpg?width=250&height=250&fit=bounds&canvas=250,250&bg-color=ffffff",0.09090909090909091
Biology,Biotechnology,FB2581,"Bio-Rad AG 50W-X2 Cation Exchange Resin, biotechnology grade, 100–200 mesh, hydrogen form, 500 g",1,$889.69,https://www.flinnsci.com/ag-50w-x2-cation-exchange-resin-biotechnology-grade-100200-mesh-hydrogen-form-500-g/fb2581/,https://www.flinnsci.com/globalassets/flinn-scientific/all-product-images-rgb-jpegs/fb2581.jpg?format=webp&height=880&upscale=false,,,,No good match found (Low match score),,,,,0
Biology,Biotechnology,FB2518,"Bio-Rad pGLO Plasmid, 20 ug",1,$50.21,https://www.flinnsci.com/pglo-plasmid-20-ug/fb2518/,https://www.flinnsci.com/globalassets/flinn-scientific/all-product-images-rgb-jpegs/fb2518.jpg?format=webp&height=880&upscale=false,Cleaning - Facility Supplies,Cleaning Products,2049948,"CloroxPro Disinfecting Bio Stain & Odor Remover, 32 Ounces",1,$12.89,https://schoolspecialty.com/cleaning-facility-supplies/cleaning-products/cloroxpro-disinfecting-bio-stain-odor-remover-32-ounces-2049948,"https://www.schoolspecialty.com/images/aprimo/bd2d0359-beca-4998-adb2-b0f100c979af/2049948_JPG%20Output.jpg?width=250&height=250&fit=bounds&canvas=250,250&bg-color=ffffff",0.09090909090909091
Biology,Biotechnology,FB2436,"Bio-Rad 50x Tris/Acetic Acid/EDTA (TAE), 100ml",1,$19.31,https://www.flinnsci.com/50x-trisacetic-acidedta-tae-100ml/fb2436/,https://www.flinnsci.com/globalassets/flinn-scientific/all-product-images-rgb-jpegs/fb2436.jpg?format=webp&height=880&upscale=false,,,,No good match found (Low match score),,,,,0
Biology,Biotechnology,FB2406,"Bio-Rad 50x Tris/Acetic Acid/EDTA (TAE,) 5 L",1,$308.83,https://www.flinnsci.com/50x-trisacetic-acidedta-tae-5-l/fb2406/,https://www.flinnsci.com/globalassets/flinn-scientific/all-product-images-rgb-jpegs/fb2406.jpg?format=webp&height=880&upscale=false,,,,No good match found (Low match score),,,,,0
Biology,Biotechnology,FB2405,Bio-Rad 10x Tris/Glycine/SDS Buffer 5 L,1,$115.94,https://www.flinnsci.com/10x-trisglycinesds-buffer-5-l/fb2405/,https://www.flinnsci.com/globalassets/flinn-scientific/all-product-images-rgb-jpegs/fb2405.jpg?format=webp&height=880&upscale=false,Science,Supplemental Curriculum,030-6712,"Delta Education Terraria, 6 L",1,$9.14,https://schoolspecialty.com/science-supplies-and-products/supplemental-curriculum/delta-education-terraria-6l-030-6712,"https://www.schoolspecialty.com/images/aprimo/4b7816fa-1ef5-4011-a2c9-b0f100bc420d/Generic_Replacement_Part_JPG%20Output.jpg?width=250&height=250&fit=bounds&canvas=250,250&bg-color=ffffff",0.09090909090909091
Biology,Biotechnology,FB2403,"Bio-Rad 10x Tris/Boric Acid/EDTA (TBE), 5 L",1,$138.92,https://www.flinnsci.com/10x-trisboric-acidedta-tbe-5-l/fb2403/,https://www.flinnsci.com/globalassets/flinn-scientific/all-product-images-rgb-jpegs/fb2403.jpg?format=webp&height=880&upscale=false,,,,No good match found (Low match score),,,,,0
Biology,Biotechnology,FB2401,"Bio-Rad 50x Tris/Acetic Acid/EDTA (TAE), 1 L",1,$104.95,https://www.flinnsci.com/50x-trisacetic-acidedta-tae-1-l/fb2401/,https://www.flinnsci.com/globalassets/flinn-scientific/all-product-images-rgb-jpegs/fb2401.jpg?format=webp&height=880&upscale=false,,,,No good match found (Low match score),,,,,0
Biology,Biotechnology,FB2397,"Bio-Rad 10x Tris/Boric Acid/EDTA (TBE), 1 L",1,$44.97,https://www.flinnsci.com/10x-trisboric-acidedta-tbe-1-l/fb2397/,https://www.flinnsci.com/globalassets/flinn-scientific/all-product-images-rgb-jpegs/fb2397.jpg?format=webp&height=880&upscale=false,,,,No good match found (Low match score),,,,,0
Biology,Biotechnology,FB2396,Bio-Rad 10x Tris/Glycine/SDS Buffer 1 L,1,$33.99,https://www.flinnsci.com/10x-trisglycinesds-buffer-1-l/fb2396/,https://www.flinnsci.com/globalassets/flinn-scientific/all-product-images-rgb-jpegs/fb2396.jpg?format=webp&height=880&upscale=false,Science,Supplemental Curriculum,030-6712,"Delta Education Terraria, 6 L",1,$9.14,https://schoolspecialty.com/science-supplies-and-products/supplemental-curriculum/delta-education-terraria-6l-030-6712,"https://www.schoolspecialty.com/images/aprimo/4b7816fa-1ef5-4011-a2c9-b0f100bc420d/Generic_Replacement_Part_JPG%20Output.jpg?width=250&height=250&fit=bounds&canvas=250,250&bg-color=ffffff",0.09090909090909091
Biology,Biotechnology,FB2381,"Bio-Rad 40% Acrylamide/Bis Solution, 19:1, 2x500 ml",1,$161.06,https://www.flinnsci.com/40-acrylamidebis-solution-191-2x500-ml/fb2381/,https://www.flinnsci.com/globalassets/flinn-scientific/all-product-images-rgb-jpegs/fb2381.jpg?format=webp&height=880&upscale=false,Science,Supplemental Curriculum,025-5027,"Delta Education Bubble Solution, 1 Liter",1,$11.92,https://schoolspecialty.com/science-supplies-and-products/supplemental-curriculum/delta-education-bubble-solution-1-liter-025-5027,"https://www.schoolspecialty.com/images/aprimo/4b7816fa-1ef5-4011-a2c9-b0f100bc420d/Generic_Replacement_Part_JPG%20Output.jpg?width=250&height=250&fit=bounds&canvas=250,250&bg-color=ffffff",0.09090909090909091
Biology,Biotechnology,FB2362,Bio-Rad Trans-Blot Turb Midi PVDF Transfer Packs,1,$264.86,https://www.flinnsci.com/trans-blot-turb-midi-pvdf-transfer-packs/fb2362/,https://www.flinnsci.com/globalassets/flinn-scientific/all-product-images-rgb-jpegs/fb2362.jpg?format=webp&height=880&upscale=false,,,,No good match found (Low match score),,,,,0
Biology,Biotechnology,FB2583,"Bio-Rad Chelex 100 Chelating Resin, analytical grade, 200–400 mesh, sodium form, 500 g",1,$1207.81,https://www.flinnsci.com/chelex-100-chelating-resin-analytical-grade-200400-mesh-sodium-form-500-g/fb2583/,https://www.flinnsci.com/globalassets/flinn-scientific/all-product-images-rgb-jpegs/fb2583.jpg?format=webp&height=880&upscale=false,,,,No good match found (Low match score),,,,,0
Biology,Biotechnology,FB2582,"Bio-Rad Chelex 100 Chelating Resin, analytical grade, 100–200 mesh, sodium form, 500 g",1,$1003.52,https://www.flinnsci.com/chelex-100-chelating-resin-analytical-grade-100200-mesh-sodium-form-500-g/fb2582/,https://www.flinnsci.com/globalassets/flinn-scientific/all-product-images-rgb-jpegs/fb2582.jpg?format=webp&height=880&upscale=false,,,,No good match found (Low match score),,,,,0
Biology,Microbiology,LM1259,"Fungal Cultures, Sordaria fimicola",1,$30.82,https://www.flinnsci.com/fungal-cultures-sordaria-fimicola/lm1259/,https://www.flinnsci.com/globalassets/flinn-scientific/all-product-images-rgb-jpegs/no_image_available.jpg?format=webp&height=880&upscale=false,,,,No good match found (Low match score),,,,,0
Biology,Microbiology,LM1023,"Fungal Cultures, Saccharomyces cerevisiae",1,$13.33,https://www.flinnsci.com/fungal-cultures-saccharomyces-cerevisiae/lm1023/,https://www.flinnsci.com/globalassets/flinn-scientific/all-product-images-rgb-jpegs/lm1023etc.jpg?format=webp&height=880&upscale=false,,,,No good match found (Low match score),,,,,0
Biology,Microbiology,LM1022,"Fungal Cultures, Rhizopus stolonifer (nigricans), Minus Zygomycete",1,$13.33,https://www.flinnsci.com/fungal-cultures-rhizopus-stolonifer-nigricans-minus-zygomycete/lm1022/,https://www.flinnsci.com/globalassets/flinn-scientific/all-product-images-rgb-jpegs/no_image_available.jpg?format=webp&height=880&upscale=false,,,,No good match found (Low match score),,,,,0
Biology,Microbiology,LM1019,"Fungal Cultures, Aspergillus niger",1,$13.33,https://www.flinnsci.com/fungal-cultures-aspergillus-niger/lm1019/,https://www.flinnsci.com/globalassets/flinn-scientific/all-product-images-rgb-jpegs/lm1019.jpg?format=webp&height=880&upscale=false,,,,No good match found (Low match score),,,,,0
Biology,Microbiology,LM1148,"Bacterial Cultures, Escherichia coli, Lactose Negative",1,$14.01,https://www.flinnsci.com/bacterial-cultures-escherichia-coli-lactose-negative/lm1148/,https://www.flinnsci.com/globalassets/flinn-scientific/all-product-images-rgb-jpegs/lm1000etc.jpg?format=webp&height=880&upscale=false,,,,No good match found (Low match score),,,,,0
Biology,Microbiology,AB1405,"Antibiotic Sensitivity Disks, Penicillin G 10 units",1,$17.32,https://www.flinnsci.com/antibiotic-sensitivity-disks-penicillin-g-10-units/ab1405/,https://www.flinnsci.com/globalassets/flinn-scientific/all-product-images-rgb-jpegs/ab1400etc.jpg?format=webp&height=880&upscale=false,Cleaning - Facility Supplies,Signs,2050232,Lorell Blue 6 Feet Printed Personal Spacing Disks,1,$167.17,https://schoolspecialty.com/cleaning-facility-supplies/signs/lorell-blue-6-feet-printed-personal-spacing-disks-2050232,"https://www.schoolspecialty.com/images/aprimo/2f2c0445-1618-4d38-9239-b0f10021dbfc/2050232_A_JPG%20Output.jpg?width=250&height=250&fit=bounds&canvas=250,250&bg-color=ffffff",0.09090909090909091
Biology,"Microscopes, Stereoscopes & Slides",ML1402,Parasites - Compariset™,1,$40.40,https://www.flinnsci.com/parasites---compariset/ml1402/,,,,,No good match found (Low match score),,,,,0
Chemistry,Chemistry of Toys,AP5446,Lazer Dazer,1,$8.46,https://www.flinnsci.com/lazer-dazer/ap5446/,https://www.flinnsci.com/globalassets/flinn-scientific/all-product-images-rgb-jpegs/ap5446.jpg?format=webp&height=880&upscale=false,,,,No good match found (Low match score),,,,,0
Chemistry,Laboratory Supplies,AP6286,Piezoelectric Igniter,1,$15.57,https://www.flinnsci.com/piezoelectric-igniter/ap6286/,https://www.flinnsci.com/globalassets/flinn-scientific/all-product-images-rgb-jpegs/ap6286.jpg?format=webp&height=880&upscale=false,,,,No good match found (Low match score),,,,,0
Chemistry,Science Chemistry Student Laboratory Kits,AP10493,"360Science™: How Sunscreen Protects Us From Radiation, 3-Year Access",1,$132.24,https://www.flinnsci.com/360-science-how-sunscreen-protects-us-from-radiation--3-year-access/ap10493/,https://www.flinnsci.com/globalassets/flinn-scientific/all-product-images-rgb-jpegs/pf2059_shutterstock_1452904280.jpg?format=webp&height=880&upscale=false,,,,No good match found (Low match score),,,,,0
Chemistry,Science Chemistry Student Laboratory Kits,AP10393,"360Science™: How Sunscreen Protects Us From Radiation, 1-Year Access",1,$115.44,https://www.flinnsci.com/360-science-how-sunscreen-protects-us-from-radiation--1-year-access/ap10393/,https://www.flinnsci.com/globalassets/flinn-scientific/all-product-images-rgb-jpegs/pf2059_shutterstock_1452904280.jpg?format=webp&height=880&upscale=false,,,,No good match found (Low match score),,,,,0
Earth & Environmental Science,Geology,AP4967,Peridotite,1,$12.10,https://www.flinnsci.com/peridotite/ap4967/,https://www.flinnsci.com/globalassets/flinn-scientific/all-product-images-rgb-jpegs/ap4945etc.jpg?format=webp&height=880&upscale=false,,,,No good match found (Low match score),,,,,0
Earth & Environmental Science,Geology,AP5121,Sedimentator,1,$24.66,https://www.flinnsci.com/sedimentator/ap5121/,https://www.flinnsci.com/globalassets/flinn-scientific/all-product-images-rgb-jpegs/ap5121.png?format=webp&height=880&upscale=false,,,,No good match found (Low match score),,,,,0
Lab Furniture,Fume Hood Accessories,SE4055,Velometer (Vaneometer®),1,$112.07,https://www.flinnsci.com/velometer-vaneometer/se4055/,https://www.flinnsci.com/globalassets/flinn-scientific/all-product-images-rgb-jpegs/se4055_2.jpg?format=webp&height=880&upscale=false,,,,No good match found (Low match score),,,,,0
Forensic Science,Footwear & Print Casting,AP7755,BioFoam® Footwear Impression,1,$18.00,https://www.flinnsci.com/biofoam-footwear-impression/ap7755/,https://www.flinnsci.com/globalassets/flinn-scientific/all-product-images-rgb-jpegs/ap7755_1.jpg?format=webp&height=880&upscale=false,,,,No good match found (Low match score),,,,,0
Physics & Physical Science,Energy & Work,AP6473,Collider,1,$151.30,https://www.flinnsci.com/collider/ap6473/,https://www.flinnsci.com/globalassets/flinn-scientific/all-product-images-rgb-jpegs/ap6473.jpg?format=webp&height=880&upscale=false,,,,No good match found (Low match score),,,,,0
Physics & Physical Science,Flinn PSworks,AP7208,PSworks Parabola™,1,$105.13,https://www.flinnsci.com/psworks-parabola/ap7208/,https://www.flinnsci.com/globalassets/flinn-scientific/all-product-images-rgb-jpegs/ap7208.jpg?format=webp&height=880&upscale=false,,,,No good match found (Low match score),,,,,0
Physics & Physical Science,Modern Materials,AP7776,Aerogel,1,$55.82,https://www.flinnsci.com/aerogel/ap7776/,https://www.flinnsci.com/globalassets/flinn-scientific/all-product-images-rgb-jpegs/ap7776.jpg?format=webp&height=880&upscale=false,,,,No good match found (Low match score),,,,,0
Physics & Physical Science,Motion,AP1972,Celt,1,$6.38,https://www.flinnsci.com/celt/ap1972/,https://www.flinnsci.com/globalassets/flinn-scientific/all-product-images-rgb-jpegs/ap1972.jpg?format=webp&height=880&upscale=false,,,,No good match found (Low match score),,,,,0
Physics & Physical Science,Physics of Toys,AP6657,Airzooka,1,$26.00,https://www.flinnsci.com/airzooka/ap6657/,https://www.flinnsci.com/globalassets/flinn-scientific/all-product-images-rgb-jpegs/ap6657.jpg?format=webp&height=880&upscale=false,,,,No good match found (Low match score),,,,,0
360Science,NA,DC11671,360Science™: Radioactive Decay,1,$0.00,https://www.flinnsci.com/360science-radioactive-decay/dc11671/,,,,,No good match found (Low match score),,,,,0
360Science,NA,DC11656,360Science™: Compressibility,1,$0.00,https://www.flinnsci.com/360science-compressibility/dc11656/,,,,,No good match found (Low match score),,,,,0
360Science,NA,DC11654,360Science™: Manipulating Equilibria,1,$0.00,https://www.flinnsci.com/360science-manipulating-equilibria/dc11654/,,,,,No good match found (Low match score),,,,,0
Biology,Anatomy & Physiology,DC10852,Mechanoreceptors,1,$0.00,https://www.flinnsci.com/mechanoreceptors/dc10852/,,,,,No good match found (Low match score),,,,,0
Biology,Animals,VFM0449,Minks Versus Cats,1,$0.00,https://www.flinnsci.com/minks-versus-cats/vfm0449/,,,,,No good match found (Low match score),,,,,0
Biology,Animals,DC11245,Culturing Praying Mantises,1,$0.00,https://www.flinnsci.com/culturing-praying-mantises/dc11245/,,Early Childhood,Science,1532104,"Insect Lore Life Cycle Stages, Praying Mantis, Set of 4",1,$8.99,https://schoolspecialty.com/early-childhood/science/insect-lore-life-cycle-stages-praying-mantis-set-of-4-1532104,"https://www.schoolspecialty.com/images/aprimo/99fce354-c6d4-4d2d-b8b1-b15601407497/1532104_A_JPG%20Output.jpg?width=250&height=250&fit=bounds&canvas=250,250&bg-color=ffffff",0.09090909090909091
Biology,Animals,DC11028,Culturing Snails,1,$0.00,https://www.flinnsci.com/culturing-snails/dc11028/,,,,,No good match found (Low match score),,,,,0
Biology,Animals,DC11027,Culturing Rotifers,1,$0.00,https://www.flinnsci.com/culturing-rotifers/dc11027/,,,,,No good match found (Low match score),,,,,0
Biology,Animals,DC10732,Vermicomposting,1,$0.00,https://www.flinnsci.com/vermicomposting/dc10732/,,,,,No good match found (Low match score),,,,,0
Biology,Animals,DC10585,Culturing Planaria,1,$0.00,https://www.flinnsci.com/culturing-planaria/dc10585/,,,,,No good match found (Low match score),,,,,0
Biology,Animals,DC10584,Culturing Mealworms,1,$0.00,https://www.flinnsci.com/culturing-mealworms/dc10584/,,,,,No good match found (Low match score),,,,,0
Biology,Animals,DC10582,Culturing Crickets,1,$0.00,https://www.flinnsci.com/culturing-crickets/dc10582/,,,,,No good match found (Low match score),,,,,0
Biology,Animals,DC10579,Culturing Hydra,1,$0.00,https://www.flinnsci.com/culturing-hydra/dc10579/,,,,,No good match found (Low match score),,,,,0
Biology,Animals,DC10380,LD50,1,$0.00,https://www.flinnsci.com/ld50/dc10380/,,,,,No good match found (Low match score),,,,,0
Biology,Animals,DC10156,Lumbriculus variegatus,1,$0.00,https://www.flinnsci.com/lumbriculus-variegatus/dc10156/,,,,,No good match found (Low match score),,,,,0
Biology,Animals,DC0952,Formalternate,1,$0.00,https://www.flinnsci.com/formalternate/dc0952/,,,,,No good match found (Low match score),,,,,0
Biology,Biochemistry,DC11275,Lactose Intolerance,1,$0.00,https://www.flinnsci.com/lactose-intolerance/dc11275/,,,,,No good match found (Low match score),,,,,0
Biology,Cells,DC10159,Stressed Membranes,1,$0.00,https://www.flinnsci.com/stressed-membranes/dc10159/,,,,,No good match found (Low match score),,,,,0
Biology,Microbiology,VPD0166,"Petrifilm, FB1171",1,$0.00,https://www.flinnsci.com/petrifilm-fb1171/vpd0166/,,,,,No good match found (Low match score),,,,,0
Biology,Microbiology,DC10877,Viral Infection!,1,$0.00,https://www.flinnsci.com/viral-infection/dc10877/,,Next Day Delivery,Cleaning - Facility Supplies,1540668,"Kleenex Anti-Viral Facial Tissue, 55 Tissues Per Box, Pack of 3, White",1,$26.09,https://schoolspecialty.com/specialty-shops/next-day/cleaning-facility-supplies/kleenex-anti-viral-facial-tissue-55-tissues-per-box-pack-of-3-white-1540668,"https://www.schoolspecialty.com/images/aprimo/81f490c8-8071-49bd-8383-b0f10030d5a9/1540668_SPR_JPG%20Output.jpg?width=250&height=250&fit=bounds&canvas=250,250&bg-color=ffffff",0.09090909090909091
Biology,Microbiology,DC10375,Sterilization Guidelines,1,$0.00,https://www.flinnsci.com/sterilization-guidelines/dc10375/,,,,,No good match found (Low match score),,,,,0
Biology,Plants,DC10599,Fantastic Fluorescing Chlorophyll,1,$0.00,https://www.flinnsci.com/fantastic-fluorescing-chlorophyll/dc10599/,,,,,No good match found (Low match score),,,,,0
Biology,Protozoa,DC11284,Culturing Chilomonas,1,$0.00,https://www.flinnsci.com/culturing-chilomonas/dc11284/,,,,,No good match found (Low match score),,,,,0
Chemistry,Chemical Demonstrations,VPD0232,Polysnow™,1,$0.00,https://www.flinnsci.com/polysnow_e8a6b1e4/vpd0232/,,,,,No good match found (Low match score),,,,,0
Chemistry,Chemical Demonstrations,VFM0439,Wow-Factor Demonstrations,1,$0.00,https://www.flinnsci.com/wow-factor-demonstrations/vfm0439/,,Special Needs,Language - Communication,2102897,"ChuBuddy B-Buddy Hand-Held Chew Factor 2 Medium, Textured, Purple",1,$9.44,https://schoolspecialty.com/special-needs/language-communication/chubuddy-b-buddy-hand-held-chew-factor-2-medium-textured-purple-2102897,"https://www.schoolspecialty.com/images/aprimo/39e598d9-02a6-447d-8cf2-b0f0012fab7d/2102897_A_JPG%20Output.jpg?width=250&height=250&fit=bounds&canvas=250,250&bg-color=ffffff",0.09090909090909091
Chemistry,Chemical Demonstrations,VEL5000,Foiled Again,1,$0.00,https://www.flinnsci.com/foiled-again2/vel5000/,,,,,No good match found (Low match score),,,,,0
Chemistry,Chemical Demonstrations,VEL1812B,Fluorescence,1,$0.00,https://www.flinnsci.com/fluorescence2/vel1812b/,,,,,No good match found (Low match score),,,,,0
Chemistry,Chemical Demonstrations,VEL1618,Methane Mamba,1,$0.00,https://www.flinnsci.com/methane-mamba2/vel1618/,,,,,No good match found (Low match score),,,,,0
Chemistry,Chemical Demonstrations,VEL1531,Colorimetry,1,$0.00,https://www.flinnsci.com/colorimetry2/vel1531/,,,,,No good match found (Low match score),,,,,0
Chemistry,Chemical Demonstrations,VEL1512,Supersaturation,1,$0.00,https://www.flinnsci.com/supersaturation/vel1512/,,,,,No good match found (Low match score),,,,,0
Chemistry,Chemical Demonstrations,VEL1431,Photonic Phosphorescence,1,$0.00,https://www.flinnsci.com/photonic-phosphorescence2/vel1431/,,,,,No good match found (Low match score),,,,,0
Chemistry,Chemical Demonstrations,VEL1430,Ethanol Explosion,1,$0.00,https://www.flinnsci.com/ethanol-explosion2/vel1430/,,Science,Lab Supplies,2040029,"Eisco Labs Ethanol Wash Bottle, 1000 mL, Wide Mouth, Pre-Labeled, LDPE",1,$7.27,https://schoolspecialty.com/science-supplies-and-products/lab-supplies/eisco-labs-ethanol-wash-bottle-1000-ml-wide-mouth-pre-labeled-ldpe-2040029,"https://www.schoolspecialty.com/images/aprimo/b58024f5-19a9-4026-99df-b0f100e63650/2040029_JPG%20Output.jpg?width=250&height=250&fit=bounds&canvas=250,250&bg-color=ffffff",0.09090909090909091
Chemistry,Chemical Demonstrations,VEL1414,Hexaflexagon,1,$0.00,https://www.flinnsci.com/hexaflexagon2/vel1414/,,,,,No good match found (Low match score),,,,,0
Chemistry,Chemical Demonstrations,VEL1243,Molarity versus Molality,1,$0.00,https://www.flinnsci.com/molarity-versus-molality2/vel1243/,,,,,No good match found (Low match score),,,,,0
Chemistry,Chemical Demonstrations,VEL1223,Pink Panther Breath - Macroscale,1,$0.00,https://www.flinnsci.com/pink-panther-breath---macroscale2/vel1223/,,,,,No good match found (Low match score),,,,,0
Chemistry,Chemical Demonstrations,VEL1214,Rutherford Scattering,1,$0.00,https://www.flinnsci.com/rutherford-scattering2/vel1214/,,,,,No good match found (Low match score),,,,,0
Chemistry,Chemical Demonstrations,DC95000,Foiled Again,1,$0.00,https://www.flinnsci.com/foiled-again/dc95000/,,,,,No good match found (Low match score),,,,,0
Chemistry,Chemical Demonstrations,DC91812B,Fluorescence,1,$0.00,https://www.flinnsci.com/fluorescence/dc91812b/,,,,,No good match found (Low match score),,,,,0
Chemistry,Chemical Demonstrations,DC91618,Methane Mamba,1,$0.00,https://www.flinnsci.com/methane-mamba/dc91618/,,,,,No good match found (Low match score),,,,,0
Chemistry,Chemical Demonstrations,DC91531,Colorimetry,1,$0.00,https://www.flinnsci.com/colorimetry/dc91531/,,,,,No good match found (Low match score),,,,,0
Chemistry,Chemical Demonstrations,DC91431,Photonic Phosphorescence,1,$0.00,https://www.flinnsci.com/photonic-phosphorescence/dc91431/,,,,,No good match found (Low match score),,,,,0
Chemistry,Chemical Demonstrations,DC91430,Ethanol Explosion,1,$0.00,https://www.flinnsci.com/ethanol-explosion/dc91430/,,Science,Lab Supplies,2040029,"Eisco Labs Ethanol Wash Bottle, 1000 mL, Wide Mouth, Pre-Labeled, LDPE",1,$7.27,https://schoolspecialty.com/science-supplies-and-products/lab-supplies/eisco-labs-ethanol-wash-bottle-1000-ml-wide-mouth-pre-labeled-ldpe-2040029,"https://www.schoolspecialty.com/images/aprimo/b58024f5-19a9-4026-99df-b0f100e63650/2040029_JPG%20Output.jpg?width=250&height=250&fit=bounds&canvas=250,250&bg-color=ffffff",0.09090909090909091
Chemistry,Chemical Demonstrations,DC91414,Hexaflexagon,1,$0.00,https://www.flinnsci.com/hexaflexagon/dc91414/,,,,,No good match found (Low match score),,,,,0
Chemistry,Chemical Demonstrations,DC91404,Blue + Blue ≠ Blue,1,$0.00,https://www.flinnsci.com/blue--blue--blue/dc91404/,,,,,No good match found (Low match score),,,,,0
Chemistry,Chemical Demonstrations,DC91243,Molarity versus Molality,1,$0.00,https://www.flinnsci.com/molarity-versus-molality/dc91243/,,,,,No good match found (Low match score),,,,,0
Chemistry,Chemical Demonstrations,DC91223,Pink Panther Breath - Macroscale,1,$0.00,https://www.flinnsci.com/pink-panther-breath---macroscale/dc91223/,,,,,No good match found (Low match score),,,,,0
Chemistry,Chemical Demonstrations,DC91214,Rutherford Scattering,1,$0.00,https://www.flinnsci.com/rutherford-scattering/dc91214/,,,,,No good match found (Low match score),,,,,0
Chemistry,Chemical Demonstrations,DC8836,Dissolvo,1,$0.00,https://www.flinnsci.com/dissolvo/dc8836/,,,,,No good match found (Low match score),,,,,0
Chemistry,Chemical Demonstrations,DC5446,Lazer Dazer,1,$0.00,https://www.flinnsci.com/lazer-dazer_cca6f5fc/dc5446/,,,,,No good match found (Low match score),,,,,0
Chemistry,Chemical Demonstrations,DC19621,Polyspheres,1,$0.00,https://www.flinnsci.com/polyspheres/dc19621/,,,,,No good match found (Low match score),,,,,0
Chemistry,Chemical Demonstrations,DC10733,Pseudoscience,1,$0.00,https://www.flinnsci.com/pseudoscience/dc10733/,,,,,No good match found (Low match score),,,,,0
Chemistry,Chemical Demonstrations,DC10474,PolySnow,1,$0.00,https://www.flinnsci.com/polysnow_1171b88b/dc10474/,,,,,No good match found (Low match score),,,,,0
Chemistry,Chemical Demonstrations,DC10246,Electronegativity,1,$0.00,https://www.flinnsci.com/electronegativity/dc10246/,,,,,No good match found (Low match score),,,,,0
Chemistry,Chemical Demonstrations,DC07451,Effervescent Oscillator,1,$0.00,https://www.flinnsci.com/effervescent-oscillator/dc07451/,,,,,No good match found (Low match score),,,,,0
Chemistry,Chemical Demonstrations,DC0667,Vanishing Valentine,1,$0.00,https://www.flinnsci.com/vanishing-valentine/dc0667/,,School - Office Supplies,Awards - Incentive,2040511,"Musgrave Pencil Co. Happy Valentine's Day Pencils, Pack of 12",1,$4.19,https://schoolspecialty.com/school-office-supplies/awards-incentive/musgrave-pencil-co-happy-valentines-day-pencils-pack-of-12-2040511,"https://www.schoolspecialty.com/images/aprimo/c3831136-5542-423c-8af2-b0f100824cc8/2040511_JPG%20Output.jpg?width=250&height=250&fit=bounds&canvas=250,250&bg-color=ffffff",0.09090909090909091
Chemistry,Microscale Chemistry,VEL1226,Pink Panther Breath - Microscale,1,$0.00,https://www.flinnsci.com/pink-panther-breath---microscale/vel1226/,,,,,No good match found (Low match score),,,,,0
Chemistry,Student Lab Activities,DC91226,Pink Panther Breath-Microscale,1,$0.00,https://www.flinnsci.com/pink-panther-breath-microscale/dc91226/,,,,,No good match found (Low match score),,,,,0
Chemistry,Student Lab Activities,DC10570,Ban Dihydrogen Monoxide!,1,$0.00,https://www.flinnsci.com/ban-dihydrogen-monoxide/dc10570/,,,,,No good match found (Low match score),,,,,0
Chemistry,Student Lab Activities,DC0295,Heigh-Ho Silver,1,$0.00,https://www.flinnsci.com/heigh-ho-silver/dc0295/,,,,,No good match found (Low match score),,,,,0
Earth & Environmental Science,Water Testing,DC0846,Winkler Titration,1,$0.00,https://www.flinnsci.com/winkler-titration/dc0846/,,,,,No good match found (Low match score),,,,,0
Physics & Physical Science,Energy & Work,VPD0284,"Collider, AP6473",1,$0.00,https://www.flinnsci.com/collider-ap6473/vpd0284/,,,,,No good match found (Low match score),,,,,0
Physics & Physical Science,Energy & Work,DC1972,Celt,1,$0.00,https://www.flinnsci.com/celt_794de838/dc1972/,,,,,No good match found (Low match score),,,,,0
Safety Reference,Flinn Safety Course,VSC0654,Negligence - Defenses to Liability - Governmental Immunity - Indemnity Statutes,1,$0.00,https://www.flinnsci.com/negligence---defenses-to-liability---governmental-immunity---indemnity-statutes/vsc0654/,,Classroom Resources,Family Engagement,1466532,"Ready to Read, Ages 3 to 6",1,$7.99,https://schoolspecialty.com/classroom-resources/family-engagement/ready-to-read-ages-3-to-6-1466532,"https://www.schoolspecialty.com/images/aprimo/d0b41683-6c17-46ac-9397-b0f10098e670/1466532_JPG%20Output.jpg?width=250&height=250&fit=bounds&canvas=250,250&bg-color=ffffff",0.09090909090909091
Safety Reference,Flinn Safety Course,VSC0629,Negligence - Damages,1,$0.00,https://www.flinnsci.com/negligence---damages/vsc0629/,,,,,No good match found (Low match score),,,,,0
Safety Reference,Flinn Safety Course,VSC0627,Negligence - Proximate Cause,1,$0.00,https://www.flinnsci.com/negligence---proximate-cause/vsc0627/,,English Language Arts,Classroom Sets - Centers,1571140,"NewPath Learning Cause and Effect Learning Center Game, Grades 3 to 5",1,$37.49,https://schoolspecialty.com/english-language-arts/classroom-sets-centers/newpath-learning-cause-and-effect-learning-center-game-grades-3-to-5-1571140,"https://www.schoolspecialty.com/images/aprimo/027fedf5-59b2-45cd-a877-b0f00184da5f/1571140_JPG%20Output.jpg?width=250&height=250&fit=bounds&canvas=250,250&bg-color=ffffff",0.09090909090909091
Safety Reference,Flinn Safety Course,VSC0535,Larry Flinn Website Overview,1,$0.00,https://www.flinnsci.com/larry-flinn-website-overview/vsc0535/,,,,,No good match found (Low match score),,,,,0
Safety Reference,Flinn Safety Course,VSC0518,Colleagues Won't Keep Prep Room Doors Locked. Suggestions?,1,$0.00,https://www.flinnsci.com/colleagues-wont-keep-prep-room-doors-locked.-suggestions/vsc0518/,,,,,No good match found (Low match score),,,,,0
Safety Reference,Safety Demonstrations,DC10366,Flaming Fingernails,1,$0.00,https://www.flinnsci.com/flaming-fingernails/dc10366/,,,,,No good match found (Low match score),,,,,0
Safety Reference,Safety Demonstrations,DC10360,Holey Socks!,1,$0.00,https://www.flinnsci.com/holey-socks/dc10360/,,Furniture,Seating,1546934,"The Pencil Grip Inc Chair Socks Floor Protectors, Blue, Pack of 4",1,$12.29,https://schoolspecialty.com/furniture/seating/the-pencil-grip-inc-chair-socks-floor-protectors-blue-pack-of-4-1546934,"https://www.schoolspecialty.com/images/aprimo/04a92f56-53b4-4fea-9acb-b0f1000734ac/1546934_JPG%20Output.jpg?width=250&height=250&fit=bounds&canvas=250,250&bg-color=ffffff",0.09090909090909091
Chemicals,NA,P0268,"Perchloroethylene, 500 mL",1,$33.95,https://www.flinnsci.com/perchloroethylene-500-ml/p0268/,https://www.flinnsci.com/globalassets/flinn-scientific/all-product-images-rgb-jpegs/p0268_e.jpg?format=webp&height=880&upscale=false,,,,No good match found (Low match score),,,,,0
Chemicals,NA,P0213,"Pentane, 100 mL",1,$11.00,https://www.flinnsci.com/pentane-100-ml/p0213/,https://www.flinnsci.com/globalassets/flinn-scientific/all-product-images-rgb-jpegs/p0213_e.jpg?format=webp&height=880&upscale=false,,,,No good match found (Low match score),,,,,0
Chemicals,NA,M0215,"Mesitylene, 100 mL",1,$38.90,https://www.flinnsci.com/mesitylene-100-ml/m0215/,https://www.flinnsci.com/globalassets/flinn-scientific/all-product-images-rgb-jpegs/m0215_e.jpg?format=webp&height=880&upscale=false,,,,No good match found (Low match score),,,,,0
Chemicals,NA,E0020,"Ethylene Glycol, 500 mL",1,$10.64,https://www.flinnsci.com/ethylene-glycol-500-ml/e0020/,https://www.flinnsci.com/globalassets/flinn-scientific/all-product-images-rgb-jpegs/e0020_e.jpg?format=webp&height=880&upscale=false,,,,No good match found (Low match score),,,,,0
Chemicals,NA,C0289,"Cyclohexanone, 500 mL",1,$37.26,https://www.flinnsci.com/cyclohexanone-500-ml/c0289/,https://www.flinnsci.com/globalassets/flinn-scientific/all-product-images-rgb-jpegs/c0289_e.jpg?format=webp&height=880&upscale=false,,,,No good match found (Low match score),,,,,0
Chemicals,NA,C0113,"Cyclohexane, 500 mL",1,$13.84,https://www.flinnsci.com/cyclohexane-500-ml/c0113/,https://www.flinnsci.com/globalassets/flinn-scientific/all-product-images-rgb-jpegs/c0113_e.jpg?format=webp&height=880&upscale=false,,,,No good match found (Low match score),,,,,0
Chemicals,NA,B0239,"2-Bromobutane, 100 mL",1,$39.78,https://www.flinnsci.com/2-bromobutane-100-ml/b0239/,https://www.flinnsci.com/globalassets/flinn-scientific/all-product-images-rgb-jpegs/b0239_e.jpg?format=webp&height=880&upscale=false,,,,No good match found (Low match score),,,,,0
Chemicals,NA,B0238,"1-Bromobutane, 100 mL",1,$20.34,https://www.flinnsci.com/1-bromobutane-100-ml/b0238/,https://www.flinnsci.com/globalassets/flinn-scientific/all-product-images-rgb-jpegs/b0238_e.jpg?format=webp&height=880&upscale=false,,,,No good match found (Low match score),,,,,0
Chemicals,NA,Q0018,"1-Octanol, 100 mL",1,$15.69,https://www.flinnsci.com/1-octanol-100-ml/q0018/,https://www.flinnsci.com/globalassets/flinn-scientific/all-product-images-rgb-jpegs/q0018_e.jpg?format=webp&height=880&upscale=false,,,,No good match found (Low match score),,,,,0
Chemicals,NA,Q0014,"1-Octanol, 500 mL",1,$40.23,https://www.flinnsci.com/1-octanol-500-ml/q0014/,https://www.flinnsci.com/globalassets/flinn-scientific/all-product-images-rgb-jpegs/q0014_e.jpg?format=webp&height=880&upscale=false,,,,No good match found (Low match score),,,,,0
Chemicals,NA,K0002,"Kerosene, 500 mL",1,$12.64,https://www.flinnsci.com/kerosene-500-ml/k0002/,https://www.flinnsci.com/globalassets/flinn-scientific/all-product-images-rgb-jpegs/k0002_e.jpg?format=webp&height=880&upscale=false,,,,No good match found (Low match score),,,,,0
Chemicals,NA,C0141,"Cyclohexene, 500 mL",1,$66.68,https://www.flinnsci.com/cyclohexene-500-ml/c0141/,https://www.flinnsci.com/globalassets/flinn-scientific/all-product-images-rgb-jpegs/c0141_e.jpg?format=webp&height=880&upscale=false,,,,No good match found (Low match score),,,,,0
Chemicals,NA,C0190,"Cyclohexanol, 500 mL",1,$60.24,https://www.flinnsci.com/cyclohexanol-500-ml/c0190/,https://www.flinnsci.com/globalassets/flinn-scientific/all-product-images-rgb-jpegs/c0190_e.jpg?format=webp&height=880&upscale=false,,,,No good match found (Low match score),,,,,0
Chemicals,NA,B0138,"Bromobenzene, 100 mL",1,$44.83,https://www.flinnsci.com/bromobenzene-100-ml/b0138/,https://www.flinnsci.com/globalassets/flinn-scientific/all-product-images-rgb-jpegs/b0138_e.jpg?format=webp&height=880&upscale=false,,,,No good match found (Low match score),,,,,0
Chemicals,NA,B0017,"Benzaldehyde, 100 mL",1,$26.68,https://www.flinnsci.com/benzaldehyde-100-ml/b0017/,https://www.flinnsci.com/globalassets/flinn-scientific/all-product-images-rgb-jpegs/b0017_e.jpg?format=webp&height=880&upscale=false,,,,No good match found (Low match score),,,,,0
