Flinn_product_category,Flinn_product_sub_category,Flinn_product_id,Flinn_product_name,Flinn_product_quantity,Flinn_product_price,Flinn_product_url,Flinn_image_url,Frey_product_category,Frey_product_sub_category,Frey_product_id,Frey_product_name,Frey_product_quantity,Frey_product_price,Frey_product_url,Frey_image_url,Frey_Match_Score
Technology,Calculators,TC1525,CBL-2,1,$286.23,https://www.flinnsci.com/cbl-2/tc1525/,https://www.flinnsci.com/globalassets/flinn-scientific/all-product-images-rgb-jpegs/tc1525.jpg?format=webp&height=880&upscale=false,,,,No good match found (Low match score),,,,,0
Technology,Motion,TC1520,3-Axis Accelerometer,1,$124.06,https://www.flinnsci.com/3-axis-accelerometer/tc1520/,https://www.flinnsci.com/globalassets/flinn-scientific/all-product-images-rgb-jpegs/tc1520.jpg?format=webp&height=880&upscale=false,Math,Algebra,1440102,Learning Advantage Movable x and Y Axis Pegboard Set,1,$19.57,https://schoolspecialty.com/math-supplies-and-resources/algebra/learning-advantage-movable-x-and-y-axis-pegboard-set-1440102,"https://www.schoolspecialty.com/images/aprimo/f5fc8e34-c29a-4898-b9cd-b0f0013d063f/1440102_JPG%20Output.jpg?width=250&height=250&fit=bounds&canvas=250,250&bg-color=ffffff",0.1
Technology,Motion,TC1518,Accelerometer,1,$121.03,https://www.flinnsci.com/accelerometer/tc1518/,https://www.flinnsci.com/globalassets/flinn-scientific/all-product-images-rgb-jpegs/tc1518.jpg?format=webp&height=880&upscale=false,,,,No good match found (Low match score),,,,,0
Technology,Sensors,TC1593,Polarimeter,1,$599.44,https://www.flinnsci.com/polarimeter/tc1593/,https://www.flinnsci.com/globalassets/flinn-scientific/all-product-images-rgb-jpegs/tc1593.jpg?format=webp&height=880&upscale=false,,,,No good match found (Low match score),,,,,0
Technology,Sensors,TC1504,Colorimeter,1,$139.00,https://www.flinnsci.com/colorimeter/tc1504/,https://www.flinnsci.com/globalassets/flinn-scientific/all-product-images-rgb-jpegs/tc1504.jpg?format=webp&height=880&upscale=false,,,,No good match found (Low match score),,,,,0
STEM Education,IMSA Fusion Flinn STEM Lab Modules,AP9971,Building Martian Cargo Rovers—Unit from Mars: Manifest Destiny,1,$84.84,https://www.flinnsci.com/building-martian-cargo-roversimsa-fusion-mars-unit/ap9971/,https://www.flinnsci.com/globalassets/flinn-scientific/all-product-images-rgb-jpegs/ap9971.jpg?format=webp&height=880&upscale=false,,,,No good match found (Low match score),,,,,0
STEM Education,WhiteBox Learning,WGC-OR1,1 Ohm Resistor,1,$5.00,https://www.flinnsci.com/1-ohm-resistor/wgc-or1/,https://www.flinnsci.com/globalassets/flinn-scientific/all-product-images-rgb-jpegs/wgc-or1.jpg?format=webp&height=880&upscale=false,,,,No good match found (Low match score),,,,,0
Clearance Items,NA,AP10004,MagLab MagPette,1,$16.85,https://www.flinnsci.com/maglab-magpette/ap10004/,https://www.flinnsci.com/globalassets/flinn-scientific/all-product-images-rgb-jpegs/ap10004_1.jpg?format=webp&height=880&upscale=false,,,,No good match found (Low match score),,,,,0
Apparatus,Laboratory Equipment,AP10005,MagLab MagBox,1,$18.88,https://www.flinnsci.com/maglab-magbox/ap10005/,https://www.flinnsci.com/globalassets/flinn-scientific/all-product-images-rgb-jpegs/ap10005_1.jpg?format=webp&height=880&upscale=false,,,,No good match found (Low match score),,,,,0
Biology,Animals,LM1115,"Drosophila, Wild-type flies (+) common fruit fly",1,$9.81,https://www.flinnsci.com/drosophila-wild-type-/lm1115/,https://www.flinnsci.com/globalassets/flinn-scientific/all-product-images-rgb-jpegs/lm1115etc1.jpg?format=webp&height=880&upscale=false,,,,No good match found (Low match score),,,,,0
Biology,Biotechnology,FB2683,Bio-Rad Mini-Sub Cell GT Casting Gates EDU,1,$98.15,https://www.flinnsci.com/mini-sub-cell-gt-casting-gates-edu/fb2683/,https://www.flinnsci.com/globalassets/flinn-scientific/all-product-images-rgb-jpegs/fb2683.jpg?format=webp&height=880&upscale=false,Special Needs,Language - Communication,2120469,Mini Carillon,1,$731.77,https://schoolspecialty.com/special-needs/language-communication/mini-carillon-2120469,"https://www.schoolspecialty.com/images/aprimo/d2f23043-b764-4d4e-a969-b0f00168d44b/2120469_A_JPG%20Output.jpg?width=250&height=250&fit=bounds&canvas=250,250&bg-color=ffffff",0.1
Biology,Biotechnology,FB2641,Bio-Rad Rapid Blotting + V3 Western Workflow Application Note,1,$22.47,https://www.flinnsci.com/rapid-blotting--v3-western-workflow-application-note/fb2641/,,,,,No good match found (Low match score),,,,,0
Biology,Biotechnology,FB2607,"Bio-Rad Arabinose, 600 mg",1,$36.78,https://www.flinnsci.com/arabinose-600-mg/fb2607/,,Cleaning - Facility Supplies,Cleaning Products,2049948,"CloroxPro Disinfecting Bio Stain & Odor Remover, 32 Ounces",1,$12.89,https://schoolspecialty.com/cleaning-facility-supplies/cleaning-products/cloroxpro-disinfecting-bio-stain-odor-remover-32-ounces-2049948,"https://www.schoolspecialty.com/images/aprimo/bd2d0359-beca-4998-adb2-b0f100c979af/2049948_JPG%20Output.jpg?width=250&height=250&fit=bounds&canvas=250,250&bg-color=ffffff",0.1
Biology,Biotechnology,FB2597,Bio-Rad PowerPac HV Power Suppl w Temperature Probe,1,$3243.35,https://www.flinnsci.com/powerpac-hv-power-suppl-w-temperature-probe/fb2597/,https://www.flinnsci.com/globalassets/flinn-scientific/all-product-images-rgb-jpegs/fb2597.jpg?format=webp&height=880&upscale=false,,,,No good match found (Low match score),,,,,0
Biology,Biotechnology,FB2581,"Bio-Rad AG 50W-X2 Cation Exchange Resin, biotechnology grade, 100–200 mesh, hydrogen form, 500 g",1,$889.69,https://www.flinnsci.com/ag-50w-x2-cation-exchange-resin-biotechnology-grade-100200-mesh-hydrogen-form-500-g/fb2581/,https://www.flinnsci.com/globalassets/flinn-scientific/all-product-images-rgb-jpegs/fb2581.jpg?format=webp&height=880&upscale=false,,,,No good match found (Low match score),,,,,0
Biology,Biotechnology,FB2518,"Bio-Rad pGLO Plasmid, 20 ug",1,$50.21,https://www.flinnsci.com/pglo-plasmid-20-ug/fb2518/,https://www.flinnsci.com/globalassets/flinn-scientific/all-product-images-rgb-jpegs/fb2518.jpg?format=webp&height=880&upscale=false,,,,No good match found (Low match score),,,,,0
Biology,Biotechnology,FB2436,"Bio-Rad 50x Tris/Acetic Acid/EDTA (TAE), 100ml",1,$19.31,https://www.flinnsci.com/50x-trisacetic-acidedta-tae-100ml/fb2436/,https://www.flinnsci.com/globalassets/flinn-scientific/all-product-images-rgb-jpegs/fb2436.jpg?format=webp&height=880&upscale=false,,,,No good match found (Low match score),,,,,0
Biology,Biotechnology,FB2410,"Bio-Rad 1x Phosphate Buffered Saline (PBS) + 1% Casein, 1 L",1,$111.21,https://www.flinnsci.com/1x-phosphate-buffered-saline-pbs--1-casein-1-l/fb2410/,https://www.flinnsci.com/globalassets/flinn-scientific/all-product-images-rgb-jpegs/fb2410.jpg?format=webp&height=880&upscale=false,School Safety,First Aid,1584874,"Saline 0.9%, Sterile, 250 mL",1,$4.12,https://schoolspecialty.com/school-safety-supplies-and-products/first-aid/saline-09-sterile-250-ml-1584874,"https://www.schoolspecialty.com/images/aprimo/6300f59a-4a06-49b2-821c-b17200df2acf/1584873_JPG%20Output.jpg?width=250&height=250&fit=bounds&canvas=250,250&bg-color=ffffff",0.1
Biology,Biotechnology,FB2406,"Bio-Rad 50x Tris/Acetic Acid/EDTA (TAE,) 5 L",1,$308.83,https://www.flinnsci.com/50x-trisacetic-acidedta-tae-5-l/fb2406/,https://www.flinnsci.com/globalassets/flinn-scientific/all-product-images-rgb-jpegs/fb2406.jpg?format=webp&height=880&upscale=false,,,,No good match found (Low match score),,,,,0
Biology,Biotechnology,FB2405,Bio-Rad 10x Tris/Glycine/SDS Buffer 5 L,1,$115.94,https://www.flinnsci.com/10x-trisglycinesds-buffer-5-l/fb2405/,https://www.flinnsci.com/globalassets/flinn-scientific/all-product-images-rgb-jpegs/fb2405.jpg?format=webp&height=880&upscale=false,,,,No good match found (Low match score),,,,,0
Biology,Biotechnology,FB2404,"Bio-Rad 10x Tris/Glycine Buffer, 5 L",1,$115.94,https://www.flinnsci.com/10x-trisglycine-buffer-5-l/fb2404/,https://www.flinnsci.com/globalassets/flinn-scientific/all-product-images-rgb-jpegs/fb2404.jpg?format=webp&height=880&upscale=false,Science,Supplemental Curriculum,030-6712,"Delta Education Terraria, 6 L",1,$9.14,https://schoolspecialty.com/science-supplies-and-products/supplemental-curriculum/delta-education-terraria-6l-030-6712,"https://www.schoolspecialty.com/images/aprimo/4b7816fa-1ef5-4011-a2c9-b0f100bc420d/Generic_Replacement_Part_JPG%20Output.jpg?width=250&height=250&fit=bounds&canvas=250,250&bg-color=ffffff",0.1
Biology,Biotechnology,FB2403,"Bio-Rad 10x Tris/Boric Acid/EDTA (TBE), 5 L",1,$138.92,https://www.flinnsci.com/10x-trisboric-acidedta-tbe-5-l/fb2403/,https://www.flinnsci.com/globalassets/flinn-scientific/all-product-images-rgb-jpegs/fb2403.jpg?format=webp&height=880&upscale=false,,,,No good match found (Low match score),,,,,0
Biology,Biotechnology,FB2402,Bio-Rad 10x Tris/Tricine/SDS 1 L,1,$108.99,https://www.flinnsci.com/10x-tristricinesds-1-l/fb2402/,https://www.flinnsci.com/globalassets/flinn-scientific/all-product-images-rgb-jpegs/fb2402.jpg?format=webp&height=880&upscale=false,Science,Supplemental Curriculum,030-6712,"Delta Education Terraria, 6 L",1,$9.14,https://schoolspecialty.com/science-supplies-and-products/supplemental-curriculum/delta-education-terraria-6l-030-6712,"https://www.schoolspecialty.com/images/aprimo/4b7816fa-1ef5-4011-a2c9-b0f100bc420d/Generic_Replacement_Part_JPG%20Output.jpg?width=250&height=250&fit=bounds&canvas=250,250&bg-color=ffffff",0.1
Biology,Biotechnology,FB2401,"Bio-Rad 50x Tris/Acetic Acid/EDTA (TAE), 1 L",1,$104.95,https://www.flinnsci.com/50x-trisacetic-acidedta-tae-1-l/fb2401/,https://www.flinnsci.com/globalassets/flinn-scientific/all-product-images-rgb-jpegs/fb2401.jpg?format=webp&height=880&upscale=false,,,,No good match found (Low match score),,,,,0
Biology,Biotechnology,FB2399,Bio-Rad 2x Laemmli Sample Buffer 30 ml,1,$13.99,https://www.flinnsci.com/2x-laemmli-sample-buffer-30-ml/fb2399/,https://www.flinnsci.com/globalassets/flinn-scientific/all-product-images-rgb-jpegs/fb2399.jpg?format=webp&height=880&upscale=false,Science,Supplemental Curriculum,162-0157,Delta Education Xray Film Sample,1,$6.44,https://schoolspecialty.com/science-supplies-and-products/supplemental-curriculum/delta-education-xray-film-sample-162-0157,"https://www.schoolspecialty.com/images/aprimo/4b7816fa-1ef5-4011-a2c9-b0f100bc420d/Generic_Replacement_Part_JPG%20Output.jpg?width=250&height=250&fit=bounds&canvas=250,250&bg-color=ffffff",0.1
Biology,Biotechnology,FB2398,Bio-Rad 10x Tris/Glycine Buffer 1 L,1,$33.99,https://www.flinnsci.com/10x-trisglycine-buffer-1-l/fb2398/,https://www.flinnsci.com/globalassets/flinn-scientific/all-product-images-rgb-jpegs/fb2398.jpg?format=webp&height=880&upscale=false,Science,Supplemental Curriculum,030-6712,"Delta Education Terraria, 6 L",1,$9.14,https://schoolspecialty.com/science-supplies-and-products/supplemental-curriculum/delta-education-terraria-6l-030-6712,"https://www.schoolspecialty.com/images/aprimo/4b7816fa-1ef5-4011-a2c9-b0f100bc420d/Generic_Replacement_Part_JPG%20Output.jpg?width=250&height=250&fit=bounds&canvas=250,250&bg-color=ffffff",0.1
Biology,Biotechnology,FB2397,"Bio-Rad 10x Tris/Boric Acid/EDTA (TBE), 1 L",1,$44.97,https://www.flinnsci.com/10x-trisboric-acidedta-tbe-1-l/fb2397/,https://www.flinnsci.com/globalassets/flinn-scientific/all-product-images-rgb-jpegs/fb2397.jpg?format=webp&height=880&upscale=false,,,,No good match found (Low match score),,,,,0
Biology,Biotechnology,FB2396,Bio-Rad 10x Tris/Glycine/SDS Buffer 1 L,1,$33.99,https://www.flinnsci.com/10x-trisglycinesds-buffer-1-l/fb2396/,https://www.flinnsci.com/globalassets/flinn-scientific/all-product-images-rgb-jpegs/fb2396.jpg?format=webp&height=880&upscale=false,,,,No good match found (Low match score),,,,,0
Biology,Biotechnology,FB2392,"Bio-Rad 2-Mercaptoethanol (BME), 25 ml",1,$28.98,https://www.flinnsci.com/2-mercaptoethanol-bme-25-ml/fb2392/,https://www.flinnsci.com/globalassets/flinn-scientific/all-product-images-rgb-jpegs/fb2392.jpg?format=webp&height=880&upscale=false,Cleaning - Facility Supplies,Cleaning Products,2049948,"CloroxPro Disinfecting Bio Stain & Odor Remover, 32 Ounces",1,$12.89,https://schoolspecialty.com/cleaning-facility-supplies/cleaning-products/cloroxpro-disinfecting-bio-stain-odor-remover-32-ounces-2049948,"https://www.schoolspecialty.com/images/aprimo/bd2d0359-beca-4998-adb2-b0f100c979af/2049948_JPG%20Output.jpg?width=250&height=250&fit=bounds&canvas=250,250&bg-color=ffffff",0.1
Biology,Biotechnology,FB2388,"Bio-Rad Xylene Cyanole FF Tracking Dye Powder, 25 g",1,$150.92,https://www.flinnsci.com/xylene-cyanole-ff-tracking-dye-powder-25-g/fb2388/,https://www.flinnsci.com/globalassets/flinn-scientific/all-product-images-rgb-jpegs/fb2388.jpg?format=webp&height=880&upscale=false,Science,Supplemental Curriculum,98-7019,"Sand, Black, 25 g",1,$.97,https://schoolspecialty.com/science-supplies-and-products/supplemental-curriculum/sand-black-25-g-98-7019,"https://www.schoolspecialty.com/images/aprimo/f7055ecc-3a5b-451c-92f7-b0f00133a8dd/98-7019_A_JPG%20Output.jpg?width=250&height=250&fit=bounds&canvas=250,250&bg-color=ffffff",0.1
Biology,Biotechnology,FB2381,"Bio-Rad 40% Acrylamide/Bis Solution, 19:1, 2x500 ml",1,$161.06,https://www.flinnsci.com/40-acrylamidebis-solution-191-2x500-ml/fb2381/,https://www.flinnsci.com/globalassets/flinn-scientific/all-product-images-rgb-jpegs/fb2381.jpg?format=webp&height=880&upscale=false,,,,No good match found (Low match score),,,,,0
Biology,Biotechnology,FB2365,Bio-Rad InstaGene Matrix,1,$65.97,https://www.flinnsci.com/instagene-matrix/fb2365/,https://www.flinnsci.com/globalassets/flinn-scientific/all-product-images-rgb-jpegs/fb2365.jpg?format=webp&height=880&upscale=false,Cleaning - Facility Supplies,Cleaning Products,2049948,"CloroxPro Disinfecting Bio Stain & Odor Remover, 32 Ounces",1,$12.89,https://schoolspecialty.com/cleaning-facility-supplies/cleaning-products/cloroxpro-disinfecting-bio-stain-odor-remover-32-ounces-2049948,"https://www.schoolspecialty.com/images/aprimo/bd2d0359-beca-4998-adb2-b0f100c979af/2049948_JPG%20Output.jpg?width=250&height=250&fit=bounds&canvas=250,250&bg-color=ffffff",0.1
Biology,Biotechnology,FB2362,Bio-Rad Trans-Blot Turb Midi PVDF Transfer Packs,1,$264.86,https://www.flinnsci.com/trans-blot-turb-midi-pvdf-transfer-packs/fb2362/,https://www.flinnsci.com/globalassets/flinn-scientific/all-product-images-rgb-jpegs/fb2362.jpg?format=webp&height=880&upscale=false,,,,No good match found (Low match score),,,,,0
Biology,Biotechnology,FB2361,Bio-Rad Trans-Blot Turbo Mini PVDF Transfer Packs,1,$216.88,https://www.flinnsci.com/trans-blot-turbo-mini-pvdf-transfer-packs/fb2361/,https://www.flinnsci.com/globalassets/flinn-scientific/all-product-images-rgb-jpegs/fb2361.jpg?format=webp&height=880&upscale=false,Special Needs,Language - Communication,2120469,Mini Carillon,1,$731.77,https://schoolspecialty.com/special-needs/language-communication/mini-carillon-2120469,"https://www.schoolspecialty.com/images/aprimo/d2f23043-b764-4d4e-a969-b0f00168d44b/2120469_A_JPG%20Output.jpg?width=250&height=250&fit=bounds&canvas=250,250&bg-color=ffffff",0.1
Biology,Biotechnology,FB2342,"Bio-Rad Inoculation Loops, 100",1,$25.75,https://www.flinnsci.com/inoculation-loops-100/fb2342/,https://www.flinnsci.com/globalassets/flinn-scientific/all-product-images-rgb-jpegs/fb2342.jpg?format=webp&height=880&upscale=false,Cleaning - Facility Supplies,Cleaning Products,2049948,"CloroxPro Disinfecting Bio Stain & Odor Remover, 32 Ounces",1,$12.89,https://schoolspecialty.com/cleaning-facility-supplies/cleaning-products/cloroxpro-disinfecting-bio-stain-odor-remover-32-ounces-2049948,"https://www.schoolspecialty.com/images/aprimo/bd2d0359-beca-4998-adb2-b0f100c979af/2049948_JPG%20Output.jpg?width=250&height=250&fit=bounds&canvas=250,250&bg-color=ffffff",0.1
Biology,Biotechnology,FB2583,"Bio-Rad Chelex 100 Chelating Resin, analytical grade, 200–400 mesh, sodium form, 500 g",1,$1207.81,https://www.flinnsci.com/chelex-100-chelating-resin-analytical-grade-200400-mesh-sodium-form-500-g/fb2583/,https://www.flinnsci.com/globalassets/flinn-scientific/all-product-images-rgb-jpegs/fb2583.jpg?format=webp&height=880&upscale=false,,,,No good match found (Low match score),,,,,0
Biology,Biotechnology,FB2582,"Bio-Rad Chelex 100 Chelating Resin, analytical grade, 100–200 mesh, sodium form, 500 g",1,$1003.52,https://www.flinnsci.com/chelex-100-chelating-resin-analytical-grade-100200-mesh-sodium-form-500-g/fb2582/,https://www.flinnsci.com/globalassets/flinn-scientific/all-product-images-rgb-jpegs/fb2582.jpg?format=webp&height=880&upscale=false,,,,No good match found (Low match score),,,,,0
Biology,Biotechnology,FB2382,Bio-Rad Precision Plus Protein Unstained Standards,1,$111.94,https://www.flinnsci.com/precision-plus-protein-unstained-standards/fb2382/,https://www.flinnsci.com/globalassets/flinn-scientific/all-product-images-rgb-jpegs/fb2382.jpg?format=webp&height=880&upscale=false,Science,Physics,2022774,"Eisco Labs Spectrometer, Precision",1,"$1,685.62",https://schoolspecialty.com/science-supplies-and-products/physics/eisco-spectrometer-precision-2022774,"https://www.schoolspecialty.com/images/aprimo/85e23acd-ae7d-450a-bbc4-b0f001443a2a/2022774_A_JPG%20Output.jpg?width=250&height=250&fit=bounds&canvas=250,250&bg-color=ffffff",0.1
Biology,Microbiology,LM1259,"Fungal Cultures, Sordaria fimicola",1,$30.82,https://www.flinnsci.com/fungal-cultures-sordaria-fimicola/lm1259/,https://www.flinnsci.com/globalassets/flinn-scientific/all-product-images-rgb-jpegs/no_image_available.jpg?format=webp&height=880&upscale=false,,,,No good match found (Low match score),,,,,0
Biology,Microbiology,LM1219,"Fungal Cultures, Sordaria fimicola, Tan Mutant",1,$13.45,https://www.flinnsci.com/fungal-cultures-sordaria-fimicola-tan-mutant/lm1219/,https://www.flinnsci.com/globalassets/flinn-scientific/all-product-images-rgb-jpegs/no_image_available.jpg?format=webp&height=880&upscale=false,Early Childhood,Outdoor Learning,1012897,"Sportime Earth Climbing Wall, Tan/Red",1,"$1,092.29",https://schoolspecialty.com/early-childhood/outdoor-learning/sportime-earth-climbing-wall-tan-red-1012897,"https://www.schoolspecialty.com/images/aprimo/7862613b-faf1-4cca-a3c6-b0f0013aee56/1012899_JPG%20Output.jpg?width=250&height=250&fit=bounds&canvas=250,250&bg-color=ffffff",0.1
Biology,Microbiology,LM1150,"Fungal Cultures, Sordaria fimicola, Wild Type",1,$13.45,https://www.flinnsci.com/fungal-cultures-sordaria-fimicola-wild-type/lm1150/,https://www.flinnsci.com/globalassets/flinn-scientific/all-product-images-rgb-jpegs/no_image_available.jpg?format=webp&height=880&upscale=false,Science,Earth - Environmental Science,160-8991,Frey Scientific Cloud Type Poster,1,$10.34,https://schoolspecialty.com/science-supplies-and-products/earth-environmental-science/frey-scientific-cloud-type-poster-160-8991,"https://www.schoolspecialty.com/images/aprimo/ad15161c-fce9-45c6-bf74-b0f100e17a97/160-8991_JPG%20Output.jpg?width=250&height=250&fit=bounds&canvas=250,250&bg-color=ffffff",0.1
Biology,Microbiology,LM1023,"Fungal Cultures, Saccharomyces cerevisiae",1,$13.33,https://www.flinnsci.com/fungal-cultures-saccharomyces-cerevisiae/lm1023/,https://www.flinnsci.com/globalassets/flinn-scientific/all-product-images-rgb-jpegs/lm1023etc.jpg?format=webp&height=880&upscale=false,,,,No good match found (Low match score),,,,,0
Biology,Microbiology,LM1022,"Fungal Cultures, Rhizopus stolonifer (nigricans), Minus Zygomycete",1,$13.33,https://www.flinnsci.com/fungal-cultures-rhizopus-stolonifer-nigricans-minus-zygomycete/lm1022/,https://www.flinnsci.com/globalassets/flinn-scientific/all-product-images-rgb-jpegs/no_image_available.jpg?format=webp&height=880&upscale=false,,,,No good match found (Low match score),,,,,0
Biology,Microbiology,LM1019,"Fungal Cultures, Aspergillus niger",1,$13.33,https://www.flinnsci.com/fungal-cultures-aspergillus-niger/lm1019/,https://www.flinnsci.com/globalassets/flinn-scientific/all-product-images-rgb-jpegs/lm1019.jpg?format=webp&height=880&upscale=false,,,,No good match found (Low match score),,,,,0
Biology,Microbiology,LM1257,"Bacterial Cultures, Streptococcus salivarius",1,$14.63,https://www.flinnsci.com/bacterial-cultures-streptococcus-salivarius/lm1257/,https://www.flinnsci.com/globalassets/flinn-scientific/all-product-images-rgb-jpegs/lm1000etc.jpg?format=webp&height=880&upscale=false,Science,Chemistry,2134246,Innovation Science AP Biology 8 Biotechnology Bacterial Transformation,1,$229.19,https://schoolspecialty.com/science-supplies-and-products/chemistry/innovation-science-ap-biology-8-biotechnology-bacterial-transformation-2134246,"https://www.schoolspecialty.com/images/aprimo/7a1b2bfa-35b6-4966-a637-b14c010cf0fb/2134246_A_JPG%20Output.jpg?width=250&height=250&fit=bounds&canvas=250,250&bg-color=ffffff",0.1
Biology,Microbiology,LM1256,"Bacterial Cultures, Staphylococcus epidermidis",1,$13.28,https://www.flinnsci.com/bacterial-cultures-staphylococcus-epidermidis/lm1256/,https://www.flinnsci.com/globalassets/flinn-scientific/all-product-images-rgb-jpegs/lm1000etc.jpg?format=webp&height=880&upscale=false,Science,Chemistry,2134246,Innovation Science AP Biology 8 Biotechnology Bacterial Transformation,1,$229.19,https://schoolspecialty.com/science-supplies-and-products/chemistry/innovation-science-ap-biology-8-biotechnology-bacterial-transformation-2134246,"https://www.schoolspecialty.com/images/aprimo/7a1b2bfa-35b6-4966-a637-b14c010cf0fb/2134246_A_JPG%20Output.jpg?width=250&height=250&fit=bounds&canvas=250,250&bg-color=ffffff",0.1
Biology,Microbiology,LM1149,"Bacterial Cultures, Escherichia coli, Strain B",1,$14.01,https://www.flinnsci.com/bacterial-cultures-escherichia-coli-strain-b/lm1149/,https://www.flinnsci.com/globalassets/flinn-scientific/all-product-images-rgb-jpegs/lm1000etc.jpg?format=webp&height=880&upscale=false,Early Childhood,Puzzles,1287003,Childcraft ITERS-R Bundle B,1,$314.99,https://schoolspecialty.com/early-childhood/puzzles/childcraft-iters-r-bundle-b-1287003,"https://www.schoolspecialty.com/images/aprimo/6d02d94a-fe4e-41ac-8349-b14f013a431f/1287003_A_JPG%20Output.jpg?width=250&height=250&fit=bounds&canvas=250,250&bg-color=ffffff",0.1
Biology,Microbiology,LM1148,"Bacterial Cultures, Escherichia coli, Lactose Negative",1,$14.01,https://www.flinnsci.com/bacterial-cultures-escherichia-coli-lactose-negative/lm1148/,https://www.flinnsci.com/globalassets/flinn-scientific/all-product-images-rgb-jpegs/lm1000etc.jpg?format=webp&height=880&upscale=false,,,,No good match found (Low match score),,,,,0
Biology,Microbiology,LM1016,"Bacterial Cultures, Vibrio fischeri",1,$13.33,https://www.flinnsci.com/bacterial-cultures-vibrio-fischeri/lm1016/,https://www.flinnsci.com/globalassets/flinn-scientific/all-product-images-rgb-jpegs/lm1000etc.jpg?format=webp&height=880&upscale=false,Science,Chemistry,2134246,Innovation Science AP Biology 8 Biotechnology Bacterial Transformation,1,$229.19,https://schoolspecialty.com/science-supplies-and-products/chemistry/innovation-science-ap-biology-8-biotechnology-bacterial-transformation-2134246,"https://www.schoolspecialty.com/images/aprimo/7a1b2bfa-35b6-4966-a637-b14c010cf0fb/2134246_A_JPG%20Output.jpg?width=250&height=250&fit=bounds&canvas=250,250&bg-color=ffffff",0.1
Biology,Microbiology,LM1015,"Bacterial Cultures, Streptococcus lactis",1,$13.33,https://www.flinnsci.com/bacterial-cultures-streptococcus-lactis/lm1015/,https://www.flinnsci.com/globalassets/flinn-scientific/all-product-images-rgb-jpegs/lm1000etc.jpg?format=webp&height=880&upscale=false,Science,Chemistry,2134246,Innovation Science AP Biology 8 Biotechnology Bacterial Transformation,1,$229.19,https://schoolspecialty.com/science-supplies-and-products/chemistry/innovation-science-ap-biology-8-biotechnology-bacterial-transformation-2134246,"https://www.schoolspecialty.com/images/aprimo/7a1b2bfa-35b6-4966-a637-b14c010cf0fb/2134246_A_JPG%20Output.jpg?width=250&height=250&fit=bounds&canvas=250,250&bg-color=ffffff",0.1
Biology,Microbiology,LM1013,"Bacterial Cultures, Serratia marcescens",1,$13.33,https://www.flinnsci.com/bacterial-cultures-serratia-marcescens/lm1013/,https://www.flinnsci.com/globalassets/flinn-scientific/all-product-images-rgb-jpegs/lm1000etc.jpg?format=webp&height=880&upscale=false,Science,Chemistry,2134246,Innovation Science AP Biology 8 Biotechnology Bacterial Transformation,1,$229.19,https://schoolspecialty.com/science-supplies-and-products/chemistry/innovation-science-ap-biology-8-biotechnology-bacterial-transformation-2134246,"https://www.schoolspecialty.com/images/aprimo/7a1b2bfa-35b6-4966-a637-b14c010cf0fb/2134246_A_JPG%20Output.jpg?width=250&height=250&fit=bounds&canvas=250,250&bg-color=ffffff",0.1
Biology,Microbiology,LM1011,"Bacterial Cultures, Sarcina aurantiaca",1,$13.33,https://www.flinnsci.com/bacterial-cultures-sarcina-aurantiaca/lm1011/,https://www.flinnsci.com/globalassets/flinn-scientific/all-product-images-rgb-jpegs/lm1000etc.jpg?format=webp&height=880&upscale=false,Science,Chemistry,2134246,Innovation Science AP Biology 8 Biotechnology Bacterial Transformation,1,$229.19,https://schoolspecialty.com/science-supplies-and-products/chemistry/innovation-science-ap-biology-8-biotechnology-bacterial-transformation-2134246,"https://www.schoolspecialty.com/images/aprimo/7a1b2bfa-35b6-4966-a637-b14c010cf0fb/2134246_A_JPG%20Output.jpg?width=250&height=250&fit=bounds&canvas=250,250&bg-color=ffffff",0.1
Biology,Microbiology,LM1010,"Bacterial Cultures, Rhodospirillum rubrum",1,$13.33,https://www.flinnsci.com/bacterial-cultures-rhodospirillum-rubrum/lm1010/,https://www.flinnsci.com/globalassets/flinn-scientific/all-product-images-rgb-jpegs/lm1000etc.jpg?format=webp&height=880&upscale=false,Science,Chemistry,2134246,Innovation Science AP Biology 8 Biotechnology Bacterial Transformation,1,$229.19,https://schoolspecialty.com/science-supplies-and-products/chemistry/innovation-science-ap-biology-8-biotechnology-bacterial-transformation-2134246,"https://www.schoolspecialty.com/images/aprimo/7a1b2bfa-35b6-4966-a637-b14c010cf0fb/2134246_A_JPG%20Output.jpg?width=250&height=250&fit=bounds&canvas=250,250&bg-color=ffffff",0.1
Biology,Microbiology,LM1009,"Bacterial Cultures, Pseudomonas fluorescens",1,$13.28,https://www.flinnsci.com/bacterial-cultures-pseudomonas-fluorescens/lm1009/,https://www.flinnsci.com/globalassets/flinn-scientific/all-product-images-rgb-jpegs/lm1000etc.jpg?format=webp&height=880&upscale=false,Science,Chemistry,2134246,Innovation Science AP Biology 8 Biotechnology Bacterial Transformation,1,$229.19,https://schoolspecialty.com/science-supplies-and-products/chemistry/innovation-science-ap-biology-8-biotechnology-bacterial-transformation-2134246,"https://www.schoolspecialty.com/images/aprimo/7a1b2bfa-35b6-4966-a637-b14c010cf0fb/2134246_A_JPG%20Output.jpg?width=250&height=250&fit=bounds&canvas=250,250&bg-color=ffffff",0.1
Biology,Microbiology,LM1008,"Bacterial Cultures, Micrococcus roseus",1,$13.28,https://www.flinnsci.com/bacterial-cultures-micrococcus-roseus/lm1008/,https://www.flinnsci.com/globalassets/flinn-scientific/all-product-images-rgb-jpegs/lm1000etc.jpg?format=webp&height=880&upscale=false,Science,Chemistry,2134246,Innovation Science AP Biology 8 Biotechnology Bacterial Transformation,1,$229.19,https://schoolspecialty.com/science-supplies-and-products/chemistry/innovation-science-ap-biology-8-biotechnology-bacterial-transformation-2134246,"https://www.schoolspecialty.com/images/aprimo/7a1b2bfa-35b6-4966-a637-b14c010cf0fb/2134246_A_JPG%20Output.jpg?width=250&height=250&fit=bounds&canvas=250,250&bg-color=ffffff",0.1
Biology,Microbiology,LM1007,"Bacterial Cultures, Micrococcus luteus",1,$13.28,https://www.flinnsci.com/bacterial-cultures-micrococcus-luteus/lm1007/,https://www.flinnsci.com/globalassets/flinn-scientific/all-product-images-rgb-jpegs/lm1000etc.jpg?format=webp&height=880&upscale=false,Science,Chemistry,2134246,Innovation Science AP Biology 8 Biotechnology Bacterial Transformation,1,$229.19,https://schoolspecialty.com/science-supplies-and-products/chemistry/innovation-science-ap-biology-8-biotechnology-bacterial-transformation-2134246,"https://www.schoolspecialty.com/images/aprimo/7a1b2bfa-35b6-4966-a637-b14c010cf0fb/2134246_A_JPG%20Output.jpg?width=250&height=250&fit=bounds&canvas=250,250&bg-color=ffffff",0.1
Biology,Microbiology,LM1006,"Bacterial Cultures, Escherichia coli",1,$13.33,https://www.flinnsci.com/bacterial-cultures-escherichia-coli/lm1006/,https://www.flinnsci.com/globalassets/flinn-scientific/all-product-images-rgb-jpegs/lm1000etc.jpg?format=webp&height=880&upscale=false,Science,Chemistry,2134246,Innovation Science AP Biology 8 Biotechnology Bacterial Transformation,1,$229.19,https://schoolspecialty.com/science-supplies-and-products/chemistry/innovation-science-ap-biology-8-biotechnology-bacterial-transformation-2134246,"https://www.schoolspecialty.com/images/aprimo/7a1b2bfa-35b6-4966-a637-b14c010cf0fb/2134246_A_JPG%20Output.jpg?width=250&height=250&fit=bounds&canvas=250,250&bg-color=ffffff",0.1
Biology,Microbiology,LM1005,"Bacterial Cultures, Enterobacter aerogenes",1,$13.33,https://www.flinnsci.com/bacterial-cultures-enterobacter-aerogenes/lm1005/,https://www.flinnsci.com/globalassets/flinn-scientific/all-product-images-rgb-jpegs/lm1000etc.jpg?format=webp&height=880&upscale=false,Science,Chemistry,2134246,Innovation Science AP Biology 8 Biotechnology Bacterial Transformation,1,$229.19,https://schoolspecialty.com/science-supplies-and-products/chemistry/innovation-science-ap-biology-8-biotechnology-bacterial-transformation-2134246,"https://www.schoolspecialty.com/images/aprimo/7a1b2bfa-35b6-4966-a637-b14c010cf0fb/2134246_A_JPG%20Output.jpg?width=250&height=250&fit=bounds&canvas=250,250&bg-color=ffffff",0.1
Biology,Microbiology,LM1003,"Bacterial Cultures, Bacillus subtilis",1,$13.33,https://www.flinnsci.com/bacterial-cultures-bacillus-subtilis/lm1003/,https://www.flinnsci.com/globalassets/flinn-scientific/all-product-images-rgb-jpegs/lm1000etc.jpg?format=webp&height=880&upscale=false,Science,Chemistry,2134246,Innovation Science AP Biology 8 Biotechnology Bacterial Transformation,1,$229.19,https://schoolspecialty.com/science-supplies-and-products/chemistry/innovation-science-ap-biology-8-biotechnology-bacterial-transformation-2134246,"https://www.schoolspecialty.com/images/aprimo/7a1b2bfa-35b6-4966-a637-b14c010cf0fb/2134246_A_JPG%20Output.jpg?width=250&height=250&fit=bounds&canvas=250,250&bg-color=ffffff",0.1
Biology,Microbiology,LM1002,"Bacterial Cultures, Bacillus megaterium",1,$15.97,https://www.flinnsci.com/bacterial-cultures-bacillus-megaterium/lm1002/,https://www.flinnsci.com/globalassets/flinn-scientific/all-product-images-rgb-jpegs/lm1000etc.jpg?format=webp&height=880&upscale=false,Science,Chemistry,2134246,Innovation Science AP Biology 8 Biotechnology Bacterial Transformation,1,$229.19,https://schoolspecialty.com/science-supplies-and-products/chemistry/innovation-science-ap-biology-8-biotechnology-bacterial-transformation-2134246,"https://www.schoolspecialty.com/images/aprimo/7a1b2bfa-35b6-4966-a637-b14c010cf0fb/2134246_A_JPG%20Output.jpg?width=250&height=250&fit=bounds&canvas=250,250&bg-color=ffffff",0.1
Biology,Microbiology,LM1000,"Bacterial Cultures, Bacillus cereus",1,$13.28,https://www.flinnsci.com/bacterial-cultures-bacillus-cereus/lm1000/,https://www.flinnsci.com/globalassets/flinn-scientific/all-product-images-rgb-jpegs/lm1000etc.jpg?format=webp&height=880&upscale=false,Science,Chemistry,2134246,Innovation Science AP Biology 8 Biotechnology Bacterial Transformation,1,$229.19,https://schoolspecialty.com/science-supplies-and-products/chemistry/innovation-science-ap-biology-8-biotechnology-bacterial-transformation-2134246,"https://www.schoolspecialty.com/images/aprimo/7a1b2bfa-35b6-4966-a637-b14c010cf0fb/2134246_A_JPG%20Output.jpg?width=250&height=250&fit=bounds&canvas=250,250&bg-color=ffffff",0.1
Biology,Microbiology,AB1407,"Antibiotic Sensitivity Disks, Tetracycline 30 µg",1,$17.32,https://www.flinnsci.com/antibiotic-sensitivity-disks-tetracycline-30-g/ab1407/,https://www.flinnsci.com/globalassets/flinn-scientific/all-product-images-rgb-jpegs/ab1400etc.jpg?format=webp&height=880&upscale=false,Cleaning - Facility Supplies,Signs,2050232,Lorell Blue 6 Feet Printed Personal Spacing Disks,1,$167.17,https://schoolspecialty.com/cleaning-facility-supplies/signs/lorell-blue-6-feet-printed-personal-spacing-disks-2050232,"https://www.schoolspecialty.com/images/aprimo/2f2c0445-1618-4d38-9239-b0f10021dbfc/2050232_A_JPG%20Output.jpg?width=250&height=250&fit=bounds&canvas=250,250&bg-color=ffffff",0.1
Biology,Microbiology,AB1406,"Antibiotic Sensitivity Disks, Streptomycin 10 µg",1,$17.32,https://www.flinnsci.com/antibiotic-sensitivity-disks-streptomycin-10-g/ab1406/,https://www.flinnsci.com/globalassets/flinn-scientific/all-product-images-rgb-jpegs/ab1400etc.jpg?format=webp&height=880&upscale=false,Cleaning - Facility Supplies,Signs,2050232,Lorell Blue 6 Feet Printed Personal Spacing Disks,1,$167.17,https://schoolspecialty.com/cleaning-facility-supplies/signs/lorell-blue-6-feet-printed-personal-spacing-disks-2050232,"https://www.schoolspecialty.com/images/aprimo/2f2c0445-1618-4d38-9239-b0f10021dbfc/2050232_A_JPG%20Output.jpg?width=250&height=250&fit=bounds&canvas=250,250&bg-color=ffffff",0.1
Biology,Microbiology,AB1405,"Antibiotic Sensitivity Disks, Penicillin G 10 units",1,$17.32,https://www.flinnsci.com/antibiotic-sensitivity-disks-penicillin-g-10-units/ab1405/,https://www.flinnsci.com/globalassets/flinn-scientific/all-product-images-rgb-jpegs/ab1400etc.jpg?format=webp&height=880&upscale=false,,,,No good match found (Low match score),,,,,0
Biology,Microbiology,AB1404,"Antibiotic Sensitivity Disks, Novobiocin 30 µg",1,$17.32,https://www.flinnsci.com/antibiotic-sensitivity-disks-novobiocin-30-g/ab1404/,https://www.flinnsci.com/globalassets/flinn-scientific/all-product-images-rgb-jpegs/ab1400etc.jpg?format=webp&height=880&upscale=false,Cleaning - Facility Supplies,Signs,2050232,Lorell Blue 6 Feet Printed Personal Spacing Disks,1,$167.17,https://schoolspecialty.com/cleaning-facility-supplies/signs/lorell-blue-6-feet-printed-personal-spacing-disks-2050232,"https://www.schoolspecialty.com/images/aprimo/2f2c0445-1618-4d38-9239-b0f10021dbfc/2050232_A_JPG%20Output.jpg?width=250&height=250&fit=bounds&canvas=250,250&bg-color=ffffff",0.1
Biology,Microbiology,AB1403,"Antibiotic, Sensitivity Disks, Neomycin 30 µg",1,$17.32,https://www.flinnsci.com/antibiotic-sensitivity-disks-neomycin-30-g/ab1403/,https://www.flinnsci.com/globalassets/flinn-scientific/all-product-images-rgb-jpegs/ab1400etc.jpg?format=webp&height=880&upscale=false,Cleaning - Facility Supplies,Signs,2050232,Lorell Blue 6 Feet Printed Personal Spacing Disks,1,$167.17,https://schoolspecialty.com/cleaning-facility-supplies/signs/lorell-blue-6-feet-printed-personal-spacing-disks-2050232,"https://www.schoolspecialty.com/images/aprimo/2f2c0445-1618-4d38-9239-b0f10021dbfc/2050232_A_JPG%20Output.jpg?width=250&height=250&fit=bounds&canvas=250,250&bg-color=ffffff",0.1
Biology,Microbiology,AB1402,"Antibiotic, Sensitivity Disks, Kanamycin 30 µg",1,$17.32,https://www.flinnsci.com/antibiotic-sensitivity-disks-kanamycin-30-g/ab1402/,https://www.flinnsci.com/globalassets/flinn-scientific/all-product-images-rgb-jpegs/ab1400etc.jpg?format=webp&height=880&upscale=false,Cleaning - Facility Supplies,Signs,2050232,Lorell Blue 6 Feet Printed Personal Spacing Disks,1,$167.17,https://schoolspecialty.com/cleaning-facility-supplies/signs/lorell-blue-6-feet-printed-personal-spacing-disks-2050232,"https://www.schoolspecialty.com/images/aprimo/2f2c0445-1618-4d38-9239-b0f10021dbfc/2050232_A_JPG%20Output.jpg?width=250&height=250&fit=bounds&canvas=250,250&bg-color=ffffff",0.1
Biology,Microbiology,AB1401,"Antibiotic Sensitivity Disks, Erythromycin 15 µg",1,$17.32,https://www.flinnsci.com/antibiotic-sensitivity-disks-erythromycin-15-g/ab1401/,https://www.flinnsci.com/globalassets/flinn-scientific/all-product-images-rgb-jpegs/ab1400etc.jpg?format=webp&height=880&upscale=false,Cleaning - Facility Supplies,Signs,2050232,Lorell Blue 6 Feet Printed Personal Spacing Disks,1,$167.17,https://schoolspecialty.com/cleaning-facility-supplies/signs/lorell-blue-6-feet-printed-personal-spacing-disks-2050232,"https://www.schoolspecialty.com/images/aprimo/2f2c0445-1618-4d38-9239-b0f10021dbfc/2050232_A_JPG%20Output.jpg?width=250&height=250&fit=bounds&canvas=250,250&bg-color=ffffff",0.1
Biology,"Microscopes, Stereoscopes & Slides",ML1402,Parasites - Compariset™,1,$40.40,https://www.flinnsci.com/parasites---compariset/ml1402/,,,,,No good match found (Low match score),,,,,0
Chemistry,Chemistry of Toys,AP5446,Lazer Dazer,1,$8.46,https://www.flinnsci.com/lazer-dazer/ap5446/,https://www.flinnsci.com/globalassets/flinn-scientific/all-product-images-rgb-jpegs/ap5446.jpg?format=webp&height=880&upscale=false,,,,No good match found (Low match score),,,,,0
Chemistry,Laboratory Supplies,AP6286,Piezoelectric Igniter,1,$15.57,https://www.flinnsci.com/piezoelectric-igniter/ap6286/,https://www.flinnsci.com/globalassets/flinn-scientific/all-product-images-rgb-jpegs/ap6286.jpg?format=webp&height=880&upscale=false,,,,No good match found (Low match score),,,,,0
Chemistry,Science Chemistry Student Laboratory Kits,AP10776,"360Science™: Relationships Between Gas Variables, 3-Year Access",1,$123.28,https://www.flinnsci.com/360-science-relationships-between-gas-variables-3-year-access/ap10776/,https://www.flinnsci.com/globalassets/flinn-scientific/all-product-images-rgb-jpegs/pf2120_shutterstock_1266523198.jpg?format=webp&height=880&upscale=false,Educational Technology,Interactive Learning - Technology,2135097,"Makerbot Building Certification, 1 Year",1,"$1,340.21",https://schoolspecialty.com/educational-technology/interactive-learning-technology/makerbot-building-certification-1-year-2135097,"https://www.schoolspecialty.com/images/aprimo/108f8304-4d23-4bf5-a44c-b0f1010549b2/Makerbot2018_JPG%20Output.jpg?width=250&height=250&fit=bounds&canvas=250,250&bg-color=ffffff",0.1
Chemistry,Science Chemistry Student Laboratory Kits,AP10676,"360Science™: Relationships Between Gas Variables, 1-Year Access",1,$102.13,https://www.flinnsci.com/360-science-relationships-between-gas-variables-1-year-access/ap10676/,https://www.flinnsci.com/globalassets/flinn-scientific/images-for-landing-pages/pavo/pavo-bundle/360science-kits/360_ap10676_relationships_between_gas_variables_lores.jpg?format=webp&height=880&upscale=false,Educational Technology,Interactive Learning - Technology,2135097,"Makerbot Building Certification, 1 Year",1,"$1,340.21",https://schoolspecialty.com/educational-technology/interactive-learning-technology/makerbot-building-certification-1-year-2135097,"https://www.schoolspecialty.com/images/aprimo/108f8304-4d23-4bf5-a44c-b0f1010549b2/Makerbot2018_JPG%20Output.jpg?width=250&height=250&fit=bounds&canvas=250,250&bg-color=ffffff",0.1
Chemistry,Science Chemistry Student Laboratory Kits,AP10481,"360Science™: Identify Unknowns Through Stoichiometry, 3-Year Access",1,$69.25,https://www.flinnsci.com/360-science-identify-unknowns-through-stoichiometry-3-year-access/ap10481/,https://www.flinnsci.com/globalassets/flinn-scientific/all-product-images-rgb-jpegs/identify_unknowns_through_stoichiometry_1.png?format=webp&height=880&upscale=false,Educational Technology,Interactive Learning - Technology,2135097,"Makerbot Building Certification, 1 Year",1,"$1,340.21",https://schoolspecialty.com/educational-technology/interactive-learning-technology/makerbot-building-certification-1-year-2135097,"https://www.schoolspecialty.com/images/aprimo/108f8304-4d23-4bf5-a44c-b0f1010549b2/Makerbot2018_JPG%20Output.jpg?width=250&height=250&fit=bounds&canvas=250,250&bg-color=ffffff",0.1
Chemistry,Science Chemistry Student Laboratory Kits,AP10381,"360Science™: Identify Unknowns Through Stoichiometry, 1-Year Access",1,$51.95,https://www.flinnsci.com/360-science-identify-unknowns-through-stoichiometry-1-year-access/ap10381/,https://www.flinnsci.com/globalassets/flinn-scientific/all-product-images-rgb-jpegs/identify_unknowns_through_stoichiometry_1.png?format=webp&height=880&upscale=false,Educational Technology,Interactive Learning - Technology,2135097,"Makerbot Building Certification, 1 Year",1,"$1,340.21",https://schoolspecialty.com/educational-technology/interactive-learning-technology/makerbot-building-certification-1-year-2135097,"https://www.schoolspecialty.com/images/aprimo/108f8304-4d23-4bf5-a44c-b0f1010549b2/Makerbot2018_JPG%20Output.jpg?width=250&height=250&fit=bounds&canvas=250,250&bg-color=ffffff",0.1
Chemistry,Science Chemistry Student Laboratory Kits,AP10493,"360Science™: How Sunscreen Protects Us From Radiation, 3-Year Access",1,$132.24,https://www.flinnsci.com/360-science-how-sunscreen-protects-us-from-radiation--3-year-access/ap10493/,https://www.flinnsci.com/globalassets/flinn-scientific/all-product-images-rgb-jpegs/pf2059_shutterstock_1452904280.jpg?format=webp&height=880&upscale=false,,,,No good match found (Low match score),,,,,0
Chemistry,Science Chemistry Student Laboratory Kits,AP10393,"360Science™: How Sunscreen Protects Us From Radiation, 1-Year Access",1,$115.44,https://www.flinnsci.com/360-science-how-sunscreen-protects-us-from-radiation--1-year-access/ap10393/,https://www.flinnsci.com/globalassets/flinn-scientific/all-product-images-rgb-jpegs/pf2059_shutterstock_1452904280.jpg?format=webp&height=880&upscale=false,,,,No good match found (Low match score),,,,,0
Earth & Environmental Science,Geology,AP4967,Peridotite,1,$12.10,https://www.flinnsci.com/peridotite/ap4967/,https://www.flinnsci.com/globalassets/flinn-scientific/all-product-images-rgb-jpegs/ap4945etc.jpg?format=webp&height=880&upscale=false,,,,No good match found (Low match score),,,,,0
Earth & Environmental Science,Geology,AP5121,Sedimentator,1,$24.66,https://www.flinnsci.com/sedimentator/ap5121/,https://www.flinnsci.com/globalassets/flinn-scientific/all-product-images-rgb-jpegs/ap5121.png?format=webp&height=880&upscale=false,,,,No good match found (Low match score),,,,,0
Lab Furniture,Fume Hood Accessories,SE4055,Velometer (Vaneometer®),1,$112.07,https://www.flinnsci.com/velometer-vaneometer/se4055/,https://www.flinnsci.com/globalassets/flinn-scientific/all-product-images-rgb-jpegs/se4055_2.jpg?format=webp&height=880&upscale=false,,,,No good match found (Low match score),,,,,0
Forensic Science,Footwear & Print Casting,AP7755,BioFoam® Footwear Impression,1,$18.00,https://www.flinnsci.com/biofoam-footwear-impression/ap7755/,https://www.flinnsci.com/globalassets/flinn-scientific/all-product-images-rgb-jpegs/ap7755_1.jpg?format=webp&height=880&upscale=false,,,,No good match found (Low match score),,,,,0
Physics & Physical Science,Energy & Work,AP6473,Collider,1,$151.30,https://www.flinnsci.com/collider/ap6473/,https://www.flinnsci.com/globalassets/flinn-scientific/all-product-images-rgb-jpegs/ap6473.jpg?format=webp&height=880&upscale=false,,,,No good match found (Low match score),,,,,0
Physics & Physical Science,Flinn PSworks,AP7208,PSworks Parabola™,1,$105.13,https://www.flinnsci.com/psworks-parabola/ap7208/,https://www.flinnsci.com/globalassets/flinn-scientific/all-product-images-rgb-jpegs/ap7208.jpg?format=webp&height=880&upscale=false,,,,No good match found (Low match score),,,,,0
Physics & Physical Science,Forces & Equilibrium,AP11411,"360Science™: Investigate Gravity Using Pendulums , 3-Year Access",1,$140.00,https://www.flinnsci.com/360science-investigate-gravity-using-pendulums--3-year-access/ap11411/,https://www.flinnsci.com/globalassets/flinn-scientific/images-for-landing-pages/pavo/pavo-product-image-for-kit-pages--360science.jpg?format=webp&height=880&upscale=false,Classroom Resources,Educational Games,2041436,Educational Insights Kanoodle Gravity,1,$26.99,https://schoolspecialty.com/classroom-resources/educational-games/educational-insights-kanoodle-gravity-2041436,"https://www.schoolspecialty.com/images/aprimo/10550451-a44d-4481-b1c1-b0f00140f01a/2041436_A_JPG%20Output.jpg?width=250&height=250&fit=bounds&canvas=250,250&bg-color=ffffff",0.1
Physics & Physical Science,Forces & Equilibrium,AP11311,"360Science™: Investigate Gravity Using Pendulums , 1-Year Access",1,$130.31,https://www.flinnsci.com/360science-investigate-gravity-using-pendulums--1-year-access/ap11311/,https://www.flinnsci.com/globalassets/flinn-scientific/all-publication-images-and-pdfs/ap11311.jpg?format=webp&height=880&upscale=false,Classroom Resources,Educational Games,2041436,Educational Insights Kanoodle Gravity,1,$26.99,https://schoolspecialty.com/classroom-resources/educational-games/educational-insights-kanoodle-gravity-2041436,"https://www.schoolspecialty.com/images/aprimo/10550451-a44d-4481-b1c1-b0f00140f01a/2041436_A_JPG%20Output.jpg?width=250&height=250&fit=bounds&canvas=250,250&bg-color=ffffff",0.1
Physics & Physical Science,Modern Materials,AP7776,Aerogel,1,$55.82,https://www.flinnsci.com/aerogel/ap7776/,https://www.flinnsci.com/globalassets/flinn-scientific/all-product-images-rgb-jpegs/ap7776.jpg?format=webp&height=880&upscale=false,,,,No good match found (Low match score),,,,,0
Physics & Physical Science,Motion,AP1972,Celt,1,$6.38,https://www.flinnsci.com/celt/ap1972/,https://www.flinnsci.com/globalassets/flinn-scientific/all-product-images-rgb-jpegs/ap1972.jpg?format=webp&height=880&upscale=false,,,,No good match found (Low match score),,,,,0
Physics & Physical Science,Physics of Toys,AP6657,Airzooka,1,$26.00,https://www.flinnsci.com/airzooka/ap6657/,https://www.flinnsci.com/globalassets/flinn-scientific/all-product-images-rgb-jpegs/ap6657.jpg?format=webp&height=880&upscale=false,,,,No good match found (Low match score),,,,,0
360Science,NA,DC11696,"Driving Question Template StudentEdition - Curing Disease, 360Science™ Storyline",1,$0.00,https://www.flinnsci.com/360science-storyline-driving-question-template---curing-disease-student-edition/dc11696/,,Art Supplies - Craft Supplies,Drawing Tools - Drawing Supplies,1440837,"Westcott Circles Template, 17 Circles",1,$6.37,https://schoolspecialty.com/art-supplies-craft-supplies/drawing-tools-drawing-supplies/westcott-circles-template-17-circles-1440837,"https://www.schoolspecialty.com/images/aprimo/57a0badd-6b45-4dae-9d8c-b0f10037f06f/1440837_JPG%20Output.jpg?width=250&height=250&fit=bounds&canvas=250,250&bg-color=ffffff",0.1
360Science,NA,DC11671,360Science™: Radioactive Decay,1,$0.00,https://www.flinnsci.com/360science-radioactive-decay/dc11671/,,,,,No good match found (Low match score),,,,,0
360Science,NA,DC11656,360Science™: Compressibility,1,$0.00,https://www.flinnsci.com/360science-compressibility/dc11656/,,,,,No good match found (Low match score),,,,,0
360Science,NA,DC11654,360Science™: Manipulating Equilibria,1,$0.00,https://www.flinnsci.com/360science-manipulating-equilibria/dc11654/,,,,,No good match found (Low match score),,,,,0
360Science,NA,DC11578,360Science™: Catching Rainwater,1,$0.00,https://www.flinnsci.com/360science-catching-rainwater/dc11578/,,Physical Education - Sport,PE Games - Activities,1005660,"Sportime SureKatch Ball with Catching Loops, 4 Inches, Multicolored",1,$11.47,https://schoolspecialty.com/physical-education-sport/pe-games-activities/sportime-surekatch-ball-with-catching-loops-4-inches-multicolored-1005660,"https://www.schoolspecialty.com/images/aprimo/de9d0971-debf-46a4-9824-b0f100a48988/1005660_JPG%20Output.jpg?width=250&height=250&fit=bounds&canvas=250,250&bg-color=ffffff",0.1
360Science,NA,DC11550,360Science™: How Sunscreen Protects Us From Radiation,1,$0.00,https://www.flinnsci.com/360science-how-sunscreen-protects-us-from-radiation/dc11550/,,Science,Physics,1526236,Frey Scientific Radiation Kit,1,$72.89,https://schoolspecialty.com/science-supplies-and-products/physics/frey-scientific-radiation-kit-1526236,"https://www.schoolspecialty.com/images/aprimo/ed38a6e4-1d9a-4e09-ab9a-b0f1000c6d76/1526236_JPG%20Output.jpg?width=250&height=250&fit=bounds&canvas=250,250&bg-color=ffffff",0.1
Biology,Anatomy & Physiology,DC11002,Help from MOM,1,$0.00,https://www.flinnsci.com/help-from-mom/dc11002/,,Science,Earth - Environmental Science,2001910,"Innovating Science Green Fuel Cell, Energy from Yeast Kit",1,$109.04,https://schoolspecialty.com/science-supplies-and-products/earth-environmental-science/innovating-science-green-fuel-cell-energy-from-yeast-kit-2001910,"https://www.schoolspecialty.com/images/aprimo/1ed756d7-afe1-4553-847f-b0f100d6301d/2001910_A_JPG%20Output.jpg?width=250&height=250&fit=bounds&canvas=250,250&bg-color=ffffff",0.1
Biology,Anatomy & Physiology,DC10852,Mechanoreceptors,1,$0.00,https://www.flinnsci.com/mechanoreceptors/dc10852/,,,,,No good match found (Low match score),,,,,0
Biology,Animals,VFM0449,Minks Versus Cats,1,$0.00,https://www.flinnsci.com/minks-versus-cats/vfm0449/,,,,,No good match found (Low match score),,,,,0
Biology,Animals,DC11245,Culturing Praying Mantises,1,$0.00,https://www.flinnsci.com/culturing-praying-mantises/dc11245/,,,,,No good match found (Low match score),,,,,0
Biology,Animals,DC11028,Culturing Snails,1,$0.00,https://www.flinnsci.com/culturing-snails/dc11028/,,,,,No good match found (Low match score),,,,,0
Biology,Animals,DC11027,Culturing Rotifers,1,$0.00,https://www.flinnsci.com/culturing-rotifers/dc11027/,,,,,No good match found (Low match score),,,,,0
Biology,Animals,DC10732,Vermicomposting,1,$0.00,https://www.flinnsci.com/vermicomposting/dc10732/,,,,,No good match found (Low match score),,,,,0
Biology,Animals,DC10585,Culturing Planaria,1,$0.00,https://www.flinnsci.com/culturing-planaria/dc10585/,,,,,No good match found (Low match score),,,,,0
Biology,Animals,DC10584,Culturing Mealworms,1,$0.00,https://www.flinnsci.com/culturing-mealworms/dc10584/,,,,,No good match found (Low match score),,,,,0
Biology,Animals,DC10582,Culturing Crickets,1,$0.00,https://www.flinnsci.com/culturing-crickets/dc10582/,,,,,No good match found (Low match score),,,,,0
Biology,Animals,DC10579,Culturing Hydra,1,$0.00,https://www.flinnsci.com/culturing-hydra/dc10579/,,,,,No good match found (Low match score),,,,,0
Biology,Animals,DC10380,LD50,1,$0.00,https://www.flinnsci.com/ld50/dc10380/,,,,,No good match found (Low match score),,,,,0
Biology,Animals,DC10156,Lumbriculus variegatus,1,$0.00,https://www.flinnsci.com/lumbriculus-variegatus/dc10156/,,,,,No good match found (Low match score),,,,,0
Biology,Animals,DC0952,Formalternate,1,$0.00,https://www.flinnsci.com/formalternate/dc0952/,,,,,No good match found (Low match score),,,,,0
Biology,Biochemistry,DC11275,Lactose Intolerance,1,$0.00,https://www.flinnsci.com/lactose-intolerance/dc11275/,,,,,No good match found (Low match score),,,,,0
Biology,Care Guides,DC10583,Culturing Algae,1,$0.00,https://www.flinnsci.com/culturing-algae/dc10583/,,Science,Lab Supplies,70-4215,NeoSCI Neo/GUIDE Microscope Slides - Survey of Algae - Set of 50,1,$115.49,https://schoolspecialty.com/science-supplies-and-products/lab-supplies/neo-sci-neo-guide-microscope-slides-survey-of-algae-set-of-50-70-4215,"https://www.schoolspecialty.com/images/aprimo/1a1d58a5-daba-49dc-8b2a-b0f0011f8b84/70-4015_B_JPG%20Output.jpg?width=250&height=250&fit=bounds&canvas=250,250&bg-color=ffffff",0.1
Biology,Cells,DC10159,Stressed Membranes,1,$0.00,https://www.flinnsci.com/stressed-membranes/dc10159/,,,,,No good match found (Low match score),,,,,0
Biology,Microbiology,VPD0166,"Petrifilm, FB1171",1,$0.00,https://www.flinnsci.com/petrifilm-fb1171/vpd0166/,,,,,No good match found (Low match score),,,,,0
Biology,Microbiology,DC10877,Viral Infection!,1,$0.00,https://www.flinnsci.com/viral-infection/dc10877/,,,,,No good match found (Low match score),,,,,0
Biology,Microbiology,DC10375,Sterilization Guidelines,1,$0.00,https://www.flinnsci.com/sterilization-guidelines/dc10375/,,,,,No good match found (Low match score),,,,,0
Biology,Plants,DC10599,Fantastic Fluorescing Chlorophyll,1,$0.00,https://www.flinnsci.com/fantastic-fluorescing-chlorophyll/dc10599/,,,,,No good match found (Low match score),,,,,0
Biology,Protozoa,DC11284,Culturing Chilomonas,1,$0.00,https://www.flinnsci.com/culturing-chilomonas/dc11284/,,,,,No good match found (Low match score),,,,,0
Biology,Student Lab Activities,DC11263,Studying Disease Vectors - West Nile Virus,1,$0.00,https://www.flinnsci.com/studying-disease-vectors---west-nile-virus/dc11263/,,Science,Biology - Life Science,30-1370,Neo/SCI AIDS Virus Model,1,$103.87,https://schoolspecialty.com/science-supplies-and-products/biology-life-science/neo-sci-aids-virus-model-30-1370,"https://www.schoolspecialty.com/images/aprimo/7df58c58-69b3-4ce9-a6ce-b0f100a4c115/30-1370_JPG%20Output.jpg?width=250&height=250&fit=bounds&canvas=250,250&bg-color=ffffff",0.1
Chemistry,Chemical Demonstrations,VPD0232,Polysnow™,1,$0.00,https://www.flinnsci.com/polysnow_e8a6b1e4/vpd0232/,,,,,No good match found (Low match score),,,,,0
Chemistry,Chemical Demonstrations,VPD0152,"Oooh! Aaah! Style Flame Tests, AP9303",1,$0.00,https://www.flinnsci.com/oooh-aaah-style-flame-tests-ap9303/vpd0152/,,School Safety,Visitor Access Management,2049999,Avery Magnetic Style Name Badges,1,$350.96,https://schoolspecialty.com/school-safety-supplies-and-products/visitor-access-management/avery-magnetic-style-name-badges-2049999,"https://www.schoolspecialty.com/images/aprimo/4aecca7b-1468-4099-bd98-b0f1006bd614/2049999_JPG%20Output.jpg?width=250&height=250&fit=bounds&canvas=250,250&bg-color=ffffff",0.1
Chemistry,Chemical Demonstrations,VFM0439,Wow-Factor Demonstrations,1,$0.00,https://www.flinnsci.com/wow-factor-demonstrations/vfm0439/,,,,,No good match found (Low match score),,,,,0
Chemistry,Chemical Demonstrations,VEL5000,Foiled Again,1,$0.00,https://www.flinnsci.com/foiled-again2/vel5000/,,,,,No good match found (Low match score),,,,,0
Chemistry,Chemical Demonstrations,VEL1812B,Fluorescence,1,$0.00,https://www.flinnsci.com/fluorescence2/vel1812b/,,,,,No good match found (Low match score),,,,,0
Chemistry,Chemical Demonstrations,VEL1618,Methane Mamba,1,$0.00,https://www.flinnsci.com/methane-mamba2/vel1618/,,,,,No good match found (Low match score),,,,,0
Chemistry,Chemical Demonstrations,VEL1531,Colorimetry,1,$0.00,https://www.flinnsci.com/colorimetry2/vel1531/,,,,,No good match found (Low match score),,,,,0
Chemistry,Chemical Demonstrations,VEL1512,Supersaturation,1,$0.00,https://www.flinnsci.com/supersaturation/vel1512/,,,,,No good match found (Low match score),,,,,0
Chemistry,Chemical Demonstrations,VEL1431,Photonic Phosphorescence,1,$0.00,https://www.flinnsci.com/photonic-phosphorescence2/vel1431/,,,,,No good match found (Low match score),,,,,0
Chemistry,Chemical Demonstrations,VEL1430,Ethanol Explosion,1,$0.00,https://www.flinnsci.com/ethanol-explosion2/vel1430/,,,,,No good match found (Low match score),,,,,0
Chemistry,Chemical Demonstrations,VEL1414,Hexaflexagon,1,$0.00,https://www.flinnsci.com/hexaflexagon2/vel1414/,,,,,No good match found (Low match score),,,,,0
Chemistry,Chemical Demonstrations,VEL1404,Blue + Blue does not equal Blue,1,$0.00,https://www.flinnsci.com/blue--blue-does-not-equal-blue/vel1404/,,Science,Robotics - Coding,2103927,Strawbees Steam Classroom Robotics - Micro:bit (not Included),1,"$1,597.00",https://schoolspecialty.com/science-supplies-and-products/robotics-coding/strawbees-steam-classroom-robotics-micro%3Abit-%28not-included%29-2103927,"https://www.schoolspecialty.com/images/aprimo/84d374cc-8d48-4bfa-85c8-b0f100c10f4c/2103927_A_JPG%20Output.jpg?width=250&height=250&fit=bounds&canvas=250,250&bg-color=ffffff",0.1
Chemistry,Chemical Demonstrations,VEL1243,Molarity versus Molality,1,$0.00,https://www.flinnsci.com/molarity-versus-molality2/vel1243/,,,,,No good match found (Low match score),,,,,0
Chemistry,Chemical Demonstrations,VEL1223,Pink Panther Breath - Macroscale,1,$0.00,https://www.flinnsci.com/pink-panther-breath---macroscale2/vel1223/,,,,,No good match found (Low match score),,,,,0
Chemistry,Chemical Demonstrations,VEL1214,Rutherford Scattering,1,$0.00,https://www.flinnsci.com/rutherford-scattering2/vel1214/,,,,,No good match found (Low match score),,,,,0
Chemistry,Chemical Demonstrations,DC95000,Foiled Again,1,$0.00,https://www.flinnsci.com/foiled-again/dc95000/,,,,,No good match found (Low match score),,,,,0
Chemistry,Chemical Demonstrations,DC91812B,Fluorescence,1,$0.00,https://www.flinnsci.com/fluorescence/dc91812b/,,,,,No good match found (Low match score),,,,,0
Chemistry,Chemical Demonstrations,DC91618,Methane Mamba,1,$0.00,https://www.flinnsci.com/methane-mamba/dc91618/,,,,,No good match found (Low match score),,,,,0
Chemistry,Chemical Demonstrations,DC91531,Colorimetry,1,$0.00,https://www.flinnsci.com/colorimetry/dc91531/,,,,,No good match found (Low match score),,,,,0
Chemistry,Chemical Demonstrations,DC91431,Photonic Phosphorescence,1,$0.00,https://www.flinnsci.com/photonic-phosphorescence/dc91431/,,,,,No good match found (Low match score),,,,,0
Chemistry,Chemical Demonstrations,DC91430,Ethanol Explosion,1,$0.00,https://www.flinnsci.com/ethanol-explosion/dc91430/,,,,,No good match found (Low match score),,,,,0
Chemistry,Chemical Demonstrations,DC91414,Hexaflexagon,1,$0.00,https://www.flinnsci.com/hexaflexagon/dc91414/,,,,,No good match found (Low match score),,,,,0
Chemistry,Chemical Demonstrations,DC91404,Blue + Blue ≠ Blue,1,$0.00,https://www.flinnsci.com/blue--blue--blue/dc91404/,,,,,No good match found (Low match score),,,,,0
Chemistry,Chemical Demonstrations,DC91243,Molarity versus Molality,1,$0.00,https://www.flinnsci.com/molarity-versus-molality/dc91243/,,,,,No good match found (Low match score),,,,,0
Chemistry,Chemical Demonstrations,DC91223,Pink Panther Breath - Macroscale,1,$0.00,https://www.flinnsci.com/pink-panther-breath---macroscale/dc91223/,,,,,No good match found (Low match score),,,,,0
Chemistry,Chemical Demonstrations,DC91214,Rutherford Scattering,1,$0.00,https://www.flinnsci.com/rutherford-scattering/dc91214/,,,,,No good match found (Low match score),,,,,0
Chemistry,Chemical Demonstrations,DC8836,Dissolvo,1,$0.00,https://www.flinnsci.com/dissolvo/dc8836/,,,,,No good match found (Low match score),,,,,0
Chemistry,Chemical Demonstrations,DC5446,Lazer Dazer,1,$0.00,https://www.flinnsci.com/lazer-dazer_cca6f5fc/dc5446/,,,,,No good match found (Low match score),,,,,0
Chemistry,Chemical Demonstrations,DC19621,Polyspheres,1,$0.00,https://www.flinnsci.com/polyspheres/dc19621/,,,,,No good match found (Low match score),,,,,0
Chemistry,Chemical Demonstrations,DC10733,Pseudoscience,1,$0.00,https://www.flinnsci.com/pseudoscience/dc10733/,,,,,No good match found (Low match score),,,,,0
Chemistry,Chemical Demonstrations,DC10474,PolySnow,1,$0.00,https://www.flinnsci.com/polysnow_1171b88b/dc10474/,,,,,No good match found (Low match score),,,,,0
Chemistry,Chemical Demonstrations,DC10246,Electronegativity,1,$0.00,https://www.flinnsci.com/electronegativity/dc10246/,,,,,No good match found (Low match score),,,,,0
Chemistry,Chemical Demonstrations,DC078901,How Sweet it is - A Colorful Sugar Solution Density Column,1,$0.00,https://www.flinnsci.com/how-sweet-it-is---a-colorful-sugar-solution-density-column/dc078901/,,School - Office Supplies,Desk Accessories,1272313,"Post-it Recycled Notes, 3 x 3 Inches, Sweet Sprinkles, Pad of 75 Sheets, Pack of 24",1,$38.02,https://schoolspecialty.com/school-office-supplies/desk-accessories/post-it-recycled-notes-3-x-3-inches-sweet-sprinkles-pad-of-75-sheets-pack-of-24-1272313,"https://www.schoolspecialty.com/images/aprimo/6e3b65c0-2a9b-4fa1-90a5-b0f100d0cadd/1272313_A_JPG%20Output.jpg?width=250&height=250&fit=bounds&canvas=250,250&bg-color=ffffff",0.1
Chemistry,Chemical Demonstrations,DC07451,Effervescent Oscillator,1,$0.00,https://www.flinnsci.com/effervescent-oscillator/dc07451/,,,,,No good match found (Low match score),,,,,0
Chemistry,Chemical Demonstrations,DC0667,Vanishing Valentine,1,$0.00,https://www.flinnsci.com/vanishing-valentine/dc0667/,,,,,No good match found (Low match score),,,,,0
Chemistry,Microscale Chemistry,VEL1226,Pink Panther Breath - Microscale,1,$0.00,https://www.flinnsci.com/pink-panther-breath---microscale/vel1226/,,,,,No good match found (Low match score),,,,,0
Chemistry,Student Lab Activities,DC91226,Pink Panther Breath-Microscale,1,$0.00,https://www.flinnsci.com/pink-panther-breath-microscale/dc91226/,,,,,No good match found (Low match score),,,,,0
Chemistry,Student Lab Activities,DC10570,Ban Dihydrogen Monoxide!,1,$0.00,https://www.flinnsci.com/ban-dihydrogen-monoxide/dc10570/,,,,,No good match found (Low match score),,,,,0
Chemistry,Student Lab Activities,DC0295,Heigh-Ho Silver,1,$0.00,https://www.flinnsci.com/heigh-ho-silver/dc0295/,,,,,No good match found (Low match score),,,,,0
Earth & Environmental Science,Student Lab Activities,AP9571FM,Overview & Standards IMSA Fusion Dive In: Oceanographic Engineering,1,$0.00,https://www.flinnsci.com/overview--standards-imsa-fusion-dive-in-oceanographic-engineering/ap9571fm/,,Physical Education - Sport,PE - Health Resources,2122096,Adventures In Business,1,$33.54,https://schoolspecialty.com/physical-education-sport/pe-health-resources/adventures-in-business-2122096,"https://www.schoolspecialty.com/images/aprimo/4ee805c1-6417-4a16-8ed6-b0f1001fe31a/2122096_A_JPG%20Output.jpg?width=250&height=250&fit=bounds&canvas=250,250&bg-color=ffffff",0.1
Earth & Environmental Science,Water Testing,DC0846,Winkler Titration,1,$0.00,https://www.flinnsci.com/winkler-titration/dc0846/,,,,,No good match found (Low match score),,,,,0
Physics & Physical Science,Energy & Work,VPD0284,"Collider, AP6473",1,$0.00,https://www.flinnsci.com/collider-ap6473/vpd0284/,,,,,No good match found (Low match score),,,,,0
Physics & Physical Science,Energy & Work,DC1972,Celt,1,$0.00,https://www.flinnsci.com/celt_794de838/dc1972/,,,,,No good match found (Low match score),,,,,0
Physics & Physical Science,Student Lab Activities,AP9579FM,Overview & Standards IMSA Fusion Take Flight,1,$0.00,https://www.flinnsci.com/overview--standards-imsa-fusion-take-flight/ap9579fm/,,Early Childhood,Inclusion,018448,Take A Swing Adult Glider,1,$389.21,https://schoolspecialty.com/early-childhood/inclusion/take-a-swing-adult-glider-018448,"https://www.schoolspecialty.com/images/aprimo/2ca39347-9a59-407a-afd1-b0f1009aaa66/018448_A_JPG%20Output.jpg?width=250&height=250&fit=bounds&canvas=250,250&bg-color=ffffff",0.1
Physics & Physical Science,Student Lab Activities,AP9577FM,Overview & Standards IMSA Fusion Secret Communications,1,$0.00,https://www.flinnsci.com/overview--standards-imsa-fusion-secret-communications/ap9577fm/,,School - Office Supplies,Office Equipment - Supplies,2051044,"GBC Fusion 1000L Laminator, 12 Inches",1,$135.22,https://schoolspecialty.com/school-office-supplies/office-equipment-supplies/gbc-fusion-1000l-laminator-12-inches-2051044,"https://www.schoolspecialty.com/images/aprimo/5835a4a2-d0ca-4ce2-ae84-b0f100f7dc54/2051044_A_JPG%20Output.jpg?width=250&height=250&fit=bounds&canvas=250,250&bg-color=ffffff",0.1
Safety Reference,Flinn Safety Course,VSC0654,Negligence - Defenses to Liability - Governmental Immunity - Indemnity Statutes,1,$0.00,https://www.flinnsci.com/negligence---defenses-to-liability---governmental-immunity---indemnity-statutes/vsc0654/,,,,,No good match found (Low match score),,,,,0
Safety Reference,Flinn Safety Course,VSC0629,Negligence - Damages,1,$0.00,https://www.flinnsci.com/negligence---damages/vsc0629/,,,,,No good match found (Low match score),,,,,0
Safety Reference,Flinn Safety Course,VSC0627,Negligence - Proximate Cause,1,$0.00,https://www.flinnsci.com/negligence---proximate-cause/vsc0627/,,,,,No good match found (Low match score),,,,,0
Safety Reference,Flinn Safety Course,VSC0535,Larry Flinn Website Overview,1,$0.00,https://www.flinnsci.com/larry-flinn-website-overview/vsc0535/,,,,,No good match found (Low match score),,,,,0
Safety Reference,Flinn Safety Course,VSC0518,Colleagues Won't Keep Prep Room Doors Locked. Suggestions?,1,$0.00,https://www.flinnsci.com/colleagues-wont-keep-prep-room-doors-locked.-suggestions/vsc0518/,,,,,No good match found (Low match score),,,,,0
Safety Reference,Flinn Safety Course,VSC0491,Drake by Drake v. Mitchell Community Schools - Flinn Scientific,1,$0.00,https://www.flinnsci.com/drake-by-drake-v.-mitchell-community-schools---flinn-scientific/vsc0491/,,Science,Physics,2093961,United Scientific Periscope,1,$8.32,https://schoolspecialty.com/science-supplies-and-products/physics/united-scientific-periscope-2093961,"https://www.schoolspecialty.com/images/aprimo/5fe8d3f7-f72a-45a5-a89f-b0f1004efb79/2093961_A_JPG%20Output.jpg?width=250&height=250&fit=bounds&canvas=250,250&bg-color=ffffff",0.1
Safety Reference,Safety Demonstrations,DC10366,Flaming Fingernails,1,$0.00,https://www.flinnsci.com/flaming-fingernails/dc10366/,,,,,No good match found (Low match score),,,,,0
Safety Reference,Safety Demonstrations,DC10360,Holey Socks!,1,$0.00,https://www.flinnsci.com/holey-socks/dc10360/,,,,,No good match found (Low match score),,,,,0
Teaching Tips,NA,DC11472,Adapting Lesson Plans into Storylines,1,$0.00,https://www.flinnsci.com/adapting-lesson-plans-into-storylines/dc11472/,,Physical Education - Sport,PE - Health Resources,2121692,"CATCH Jump into Health, Kindergarten Curriculum",1,$36.77,https://schoolspecialty.com/physical-education-sport/pe-health-resources/catch-jump-into-health-kindergarten-curriculum-2121692,"https://www.schoolspecialty.com/images/aprimo/609fb838-f376-4505-9574-b0f0016f029d/2121692_A_JPG%20Output.jpg?width=250&height=250&fit=bounds&canvas=250,250&bg-color=ffffff",0.1
Teaching Tips,NA,DC10731,Mnemonics - Memory Assisted Retention Strategy (MARS),1,$0.00,https://www.flinnsci.com/mnemonics---memory-assisted-retention-strategy-mars/dc10731/,,Classroom Resources,Educational Games,1603583,"Hasbro Battleship Game, Kids Strategy Game",1,$20.62,https://schoolspecialty.com/classroom-resources/educational-games/hasbro-battleship-game-kids-strategy-game-1603583,"https://www.schoolspecialty.com/images/aprimo/4199cbe0-0fe9-427e-9b4f-b0f100c0fab0/1603583_A_JPG%20Output.jpg?width=250&height=250&fit=bounds&canvas=250,250&bg-color=ffffff",0.1
Chemicals,NA,P0268,"Perchloroethylene, 500 mL",1,$33.95,https://www.flinnsci.com/perchloroethylene-500-ml/p0268/,https://www.flinnsci.com/globalassets/flinn-scientific/all-product-images-rgb-jpegs/p0268_e.jpg?format=webp&height=880&upscale=false,,,,No good match found (Low match score),,,,,0
Chemicals,NA,P0213,"Pentane, 100 mL",1,$11.00,https://www.flinnsci.com/pentane-100-ml/p0213/,https://www.flinnsci.com/globalassets/flinn-scientific/all-product-images-rgb-jpegs/p0213_e.jpg?format=webp&height=880&upscale=false,,,,No good match found (Low match score),,,,,0
Chemicals,NA,M0215,"Mesitylene, 100 mL",1,$38.90,https://www.flinnsci.com/mesitylene-100-ml/m0215/,https://www.flinnsci.com/globalassets/flinn-scientific/all-product-images-rgb-jpegs/m0215_e.jpg?format=webp&height=880&upscale=false,,,,No good match found (Low match score),,,,,0
Chemicals,NA,E0020,"Ethylene Glycol, 500 mL",1,$10.64,https://www.flinnsci.com/ethylene-glycol-500-ml/e0020/,https://www.flinnsci.com/globalassets/flinn-scientific/all-product-images-rgb-jpegs/e0020_e.jpg?format=webp&height=880&upscale=false,,,,No good match found (Low match score),,,,,0
Chemicals,NA,C0289,"Cyclohexanone, 500 mL",1,$37.26,https://www.flinnsci.com/cyclohexanone-500-ml/c0289/,https://www.flinnsci.com/globalassets/flinn-scientific/all-product-images-rgb-jpegs/c0289_e.jpg?format=webp&height=880&upscale=false,,,,No good match found (Low match score),,,,,0
Chemicals,NA,C0113,"Cyclohexane, 500 mL",1,$13.84,https://www.flinnsci.com/cyclohexane-500-ml/c0113/,https://www.flinnsci.com/globalassets/flinn-scientific/all-product-images-rgb-jpegs/c0113_e.jpg?format=webp&height=880&upscale=false,,,,No good match found (Low match score),,,,,0
Chemicals,NA,B0239,"2-Bromobutane, 100 mL",1,$39.78,https://www.flinnsci.com/2-bromobutane-100-ml/b0239/,https://www.flinnsci.com/globalassets/flinn-scientific/all-product-images-rgb-jpegs/b0239_e.jpg?format=webp&height=880&upscale=false,,,,No good match found (Low match score),,,,,0
Chemicals,NA,B0238,"1-Bromobutane, 100 mL",1,$20.34,https://www.flinnsci.com/1-bromobutane-100-ml/b0238/,https://www.flinnsci.com/globalassets/flinn-scientific/all-product-images-rgb-jpegs/b0238_e.jpg?format=webp&height=880&upscale=false,,,,No good match found (Low match score),,,,,0
Chemicals,NA,Q0018,"1-Octanol, 100 mL",1,$15.69,https://www.flinnsci.com/1-octanol-100-ml/q0018/,https://www.flinnsci.com/globalassets/flinn-scientific/all-product-images-rgb-jpegs/q0018_e.jpg?format=webp&height=880&upscale=false,,,,No good match found (Low match score),,,,,0
Chemicals,NA,Q0014,"1-Octanol, 500 mL",1,$40.23,https://www.flinnsci.com/1-octanol-500-ml/q0014/,https://www.flinnsci.com/globalassets/flinn-scientific/all-product-images-rgb-jpegs/q0014_e.jpg?format=webp&height=880&upscale=false,,,,No good match found (Low match score),,,,,0
Chemicals,NA,K0002,"Kerosene, 500 mL",1,$12.64,https://www.flinnsci.com/kerosene-500-ml/k0002/,https://www.flinnsci.com/globalassets/flinn-scientific/all-product-images-rgb-jpegs/k0002_e.jpg?format=webp&height=880&upscale=false,,,,No good match found (Low match score),,,,,0
Chemicals,NA,C0141,"Cyclohexene, 500 mL",1,$66.68,https://www.flinnsci.com/cyclohexene-500-ml/c0141/,https://www.flinnsci.com/globalassets/flinn-scientific/all-product-images-rgb-jpegs/c0141_e.jpg?format=webp&height=880&upscale=false,,,,No good match found (Low match score),,,,,0
Chemicals,NA,C0190,"Cyclohexanol, 500 mL",1,$60.24,https://www.flinnsci.com/cyclohexanol-500-ml/c0190/,https://www.flinnsci.com/globalassets/flinn-scientific/all-product-images-rgb-jpegs/c0190_e.jpg?format=webp&height=880&upscale=false,,,,No good match found (Low match score),,,,,0
Chemicals,NA,B0138,"Bromobenzene, 100 mL",1,$44.83,https://www.flinnsci.com/bromobenzene-100-ml/b0138/,https://www.flinnsci.com/globalassets/flinn-scientific/all-product-images-rgb-jpegs/b0138_e.jpg?format=webp&height=880&upscale=false,,,,No good match found (Low match score),,,,,0
Chemicals,NA,B0017,"Benzaldehyde, 100 mL",1,$26.68,https://www.flinnsci.com/benzaldehyde-100-ml/b0017/,https://www.flinnsci.com/globalassets/flinn-scientific/all-product-images-rgb-jpegs/b0017_e.jpg?format=webp&height=880&upscale=false,,,,No good match found (Low match score),,,,,0
