Flinn_product_category,Flinn_product_sub_category,Flinn_product_id,Flinn_product_name,Flinn_product_quantity,Flinn_product_price,Flinn_product_url,Flinn_image_url,Frey_product_category,Frey_product_sub_category,Frey_product_id,Frey_product_name,Frey_product_quantity,Frey_product_price,Frey_product_url,Frey_image_url,Frey_Match_Score
Technology,Calculators,TC1525,CBL-2,1,$286.23,https://www.flinnsci.com/cbl-2/tc1525/,https://www.flinnsci.com/globalassets/flinn-scientific/all-product-images-rgb-jpegs/tc1525.jpg?format=webp&height=880&upscale=false,Next Day Delivery,Cleaning - Facility Supplies,2025222,"Cascade PRO Select Kitchen Roll Towels, 2 Ply, Nature, Pack of 12",1,$94.79,https://schoolspecialty.com/specialty-shops/next-day/cleaning-facility-supplies/cascade-pro-select-kitchen-roll-towels-2-ply-nature-pack-of-12-2025222,"https://www.schoolspecialty.com/images/aprimo/1623a9f7-7361-43af-83c0-b0f100ba7167/2025222_SPR_JPG%20Output.jpg?width=250&height=250&fit=bounds&canvas=250,250&bg-color=ffffff",0.0
Technology,Motion,TC1518,Accelerometer,1,$121.03,https://www.flinnsci.com/accelerometer/tc1518/,https://www.flinnsci.com/globalassets/flinn-scientific/all-product-images-rgb-jpegs/tc1518.jpg?format=webp&height=880&upscale=false,Next Day Delivery,Cleaning - Facility Supplies,2025222,"Cascade PRO Select Kitchen Roll Towels, 2 Ply, Nature, Pack of 12",1,$94.79,https://schoolspecialty.com/specialty-shops/next-day/cleaning-facility-supplies/cascade-pro-select-kitchen-roll-towels-2-ply-nature-pack-of-12-2025222,"https://www.schoolspecialty.com/images/aprimo/1623a9f7-7361-43af-83c0-b0f100ba7167/2025222_SPR_JPG%20Output.jpg?width=250&height=250&fit=bounds&canvas=250,250&bg-color=ffffff",0.0
Technology,Sensors,TC1593,Polarimeter,1,$599.44,https://www.flinnsci.com/polarimeter/tc1593/,https://www.flinnsci.com/globalassets/flinn-scientific/all-product-images-rgb-jpegs/tc1593.jpg?format=webp&height=880&upscale=false,Next Day Delivery,Cleaning - Facility Supplies,2025222,"Cascade PRO Select Kitchen Roll Towels, 2 Ply, Nature, Pack of 12",1,$94.79,https://schoolspecialty.com/specialty-shops/next-day/cleaning-facility-supplies/cascade-pro-select-kitchen-roll-towels-2-ply-nature-pack-of-12-2025222,"https://www.schoolspecialty.com/images/aprimo/1623a9f7-7361-43af-83c0-b0f100ba7167/2025222_SPR_JPG%20Output.jpg?width=250&height=250&fit=bounds&canvas=250,250&bg-color=ffffff",0.0
Technology,Sensors,TC1504,Colorimeter,1,$139.00,https://www.flinnsci.com/colorimeter/tc1504/,https://www.flinnsci.com/globalassets/flinn-scientific/all-product-images-rgb-jpegs/tc1504.jpg?format=webp&height=880&upscale=false,Next Day Delivery,Cleaning - Facility Supplies,2025222,"Cascade PRO Select Kitchen Roll Towels, 2 Ply, Nature, Pack of 12",1,$94.79,https://schoolspecialty.com/specialty-shops/next-day/cleaning-facility-supplies/cascade-pro-select-kitchen-roll-towels-2-ply-nature-pack-of-12-2025222,"https://www.schoolspecialty.com/images/aprimo/1623a9f7-7361-43af-83c0-b0f100ba7167/2025222_SPR_JPG%20Output.jpg?width=250&height=250&fit=bounds&canvas=250,250&bg-color=ffffff",0.0
STEM Education,WhiteBox Learning,WGC-OR1,1 Ohm Resistor,1,$5.00,https://www.flinnsci.com/1-ohm-resistor/wgc-or1/,https://www.flinnsci.com/globalassets/flinn-scientific/all-product-images-rgb-jpegs/wgc-or1.jpg?format=webp&height=880&upscale=false,Next Day Delivery,Cleaning - Facility Supplies,2025222,"Cascade PRO Select Kitchen Roll Towels, 2 Ply, Nature, Pack of 12",1,$94.79,https://schoolspecialty.com/specialty-shops/next-day/cleaning-facility-supplies/cascade-pro-select-kitchen-roll-towels-2-ply-nature-pack-of-12-2025222,"https://www.schoolspecialty.com/images/aprimo/1623a9f7-7361-43af-83c0-b0f100ba7167/2025222_SPR_JPG%20Output.jpg?width=250&height=250&fit=bounds&canvas=250,250&bg-color=ffffff",0.0
Clearance Items,NA,AP10004,MagLab MagPette,1,$16.85,https://www.flinnsci.com/maglab-magpette/ap10004/,https://www.flinnsci.com/globalassets/flinn-scientific/all-product-images-rgb-jpegs/ap10004_1.jpg?format=webp&height=880&upscale=false,Next Day Delivery,Cleaning - Facility Supplies,2025222,"Cascade PRO Select Kitchen Roll Towels, 2 Ply, Nature, Pack of 12",1,$94.79,https://schoolspecialty.com/specialty-shops/next-day/cleaning-facility-supplies/cascade-pro-select-kitchen-roll-towels-2-ply-nature-pack-of-12-2025222,"https://www.schoolspecialty.com/images/aprimo/1623a9f7-7361-43af-83c0-b0f100ba7167/2025222_SPR_JPG%20Output.jpg?width=250&height=250&fit=bounds&canvas=250,250&bg-color=ffffff",0.0
Apparatus,Laboratory Equipment,AP10005,MagLab MagBox,1,$18.88,https://www.flinnsci.com/maglab-magbox/ap10005/,https://www.flinnsci.com/globalassets/flinn-scientific/all-product-images-rgb-jpegs/ap10005_1.jpg?format=webp&height=880&upscale=false,Next Day Delivery,Cleaning - Facility Supplies,2025222,"Cascade PRO Select Kitchen Roll Towels, 2 Ply, Nature, Pack of 12",1,$94.79,https://schoolspecialty.com/specialty-shops/next-day/cleaning-facility-supplies/cascade-pro-select-kitchen-roll-towels-2-ply-nature-pack-of-12-2025222,"https://www.schoolspecialty.com/images/aprimo/1623a9f7-7361-43af-83c0-b0f100ba7167/2025222_SPR_JPG%20Output.jpg?width=250&height=250&fit=bounds&canvas=250,250&bg-color=ffffff",0.0
Biology,Microbiology,LM1259,"Fungal Cultures, Sordaria fimicola",1,$30.82,https://www.flinnsci.com/fungal-cultures-sordaria-fimicola/lm1259/,https://www.flinnsci.com/globalassets/flinn-scientific/all-product-images-rgb-jpegs/no_image_available.jpg?format=webp&height=880&upscale=false,Next Day Delivery,Cleaning - Facility Supplies,2025222,"Cascade PRO Select Kitchen Roll Towels, 2 Ply, Nature, Pack of 12",1,$94.79,https://schoolspecialty.com/specialty-shops/next-day/cleaning-facility-supplies/cascade-pro-select-kitchen-roll-towels-2-ply-nature-pack-of-12-2025222,"https://www.schoolspecialty.com/images/aprimo/1623a9f7-7361-43af-83c0-b0f100ba7167/2025222_SPR_JPG%20Output.jpg?width=250&height=250&fit=bounds&canvas=250,250&bg-color=ffffff",0.0
Biology,Microbiology,LM1023,"Fungal Cultures, Saccharomyces cerevisiae",1,$13.33,https://www.flinnsci.com/fungal-cultures-saccharomyces-cerevisiae/lm1023/,https://www.flinnsci.com/globalassets/flinn-scientific/all-product-images-rgb-jpegs/lm1023etc.jpg?format=webp&height=880&upscale=false,Next Day Delivery,Cleaning - Facility Supplies,2025222,"Cascade PRO Select Kitchen Roll Towels, 2 Ply, Nature, Pack of 12",1,$94.79,https://schoolspecialty.com/specialty-shops/next-day/cleaning-facility-supplies/cascade-pro-select-kitchen-roll-towels-2-ply-nature-pack-of-12-2025222,"https://www.schoolspecialty.com/images/aprimo/1623a9f7-7361-43af-83c0-b0f100ba7167/2025222_SPR_JPG%20Output.jpg?width=250&height=250&fit=bounds&canvas=250,250&bg-color=ffffff",0.0
Biology,Microbiology,LM1022,"Fungal Cultures, Rhizopus stolonifer (nigricans), Minus Zygomycete",1,$13.33,https://www.flinnsci.com/fungal-cultures-rhizopus-stolonifer-nigricans-minus-zygomycete/lm1022/,https://www.flinnsci.com/globalassets/flinn-scientific/all-product-images-rgb-jpegs/no_image_available.jpg?format=webp&height=880&upscale=false,Next Day Delivery,Cleaning - Facility Supplies,2025222,"Cascade PRO Select Kitchen Roll Towels, 2 Ply, Nature, Pack of 12",1,$94.79,https://schoolspecialty.com/specialty-shops/next-day/cleaning-facility-supplies/cascade-pro-select-kitchen-roll-towels-2-ply-nature-pack-of-12-2025222,"https://www.schoolspecialty.com/images/aprimo/1623a9f7-7361-43af-83c0-b0f100ba7167/2025222_SPR_JPG%20Output.jpg?width=250&height=250&fit=bounds&canvas=250,250&bg-color=ffffff",0.0
Biology,Microbiology,LM1019,"Fungal Cultures, Aspergillus niger",1,$13.33,https://www.flinnsci.com/fungal-cultures-aspergillus-niger/lm1019/,https://www.flinnsci.com/globalassets/flinn-scientific/all-product-images-rgb-jpegs/lm1019.jpg?format=webp&height=880&upscale=false,Next Day Delivery,Cleaning - Facility Supplies,2025222,"Cascade PRO Select Kitchen Roll Towels, 2 Ply, Nature, Pack of 12",1,$94.79,https://schoolspecialty.com/specialty-shops/next-day/cleaning-facility-supplies/cascade-pro-select-kitchen-roll-towels-2-ply-nature-pack-of-12-2025222,"https://www.schoolspecialty.com/images/aprimo/1623a9f7-7361-43af-83c0-b0f100ba7167/2025222_SPR_JPG%20Output.jpg?width=250&height=250&fit=bounds&canvas=250,250&bg-color=ffffff",0.0
Biology,"Microscopes, Stereoscopes & Slides",ML1402,Parasites - Compariset™,1,$40.40,https://www.flinnsci.com/parasites---compariset/ml1402/,,Next Day Delivery,Cleaning - Facility Supplies,2025222,"Cascade PRO Select Kitchen Roll Towels, 2 Ply, Nature, Pack of 12",1,$94.79,https://schoolspecialty.com/specialty-shops/next-day/cleaning-facility-supplies/cascade-pro-select-kitchen-roll-towels-2-ply-nature-pack-of-12-2025222,"https://www.schoolspecialty.com/images/aprimo/1623a9f7-7361-43af-83c0-b0f100ba7167/2025222_SPR_JPG%20Output.jpg?width=250&height=250&fit=bounds&canvas=250,250&bg-color=ffffff",0.0
Chemistry,Chemistry of Toys,AP5446,Lazer Dazer,1,$8.46,https://www.flinnsci.com/lazer-dazer/ap5446/,https://www.flinnsci.com/globalassets/flinn-scientific/all-product-images-rgb-jpegs/ap5446.jpg?format=webp&height=880&upscale=false,Next Day Delivery,Cleaning - Facility Supplies,2025222,"Cascade PRO Select Kitchen Roll Towels, 2 Ply, Nature, Pack of 12",1,$94.79,https://schoolspecialty.com/specialty-shops/next-day/cleaning-facility-supplies/cascade-pro-select-kitchen-roll-towels-2-ply-nature-pack-of-12-2025222,"https://www.schoolspecialty.com/images/aprimo/1623a9f7-7361-43af-83c0-b0f100ba7167/2025222_SPR_JPG%20Output.jpg?width=250&height=250&fit=bounds&canvas=250,250&bg-color=ffffff",0.0
Chemistry,Laboratory Supplies,AP6286,Piezoelectric Igniter,1,$15.57,https://www.flinnsci.com/piezoelectric-igniter/ap6286/,https://www.flinnsci.com/globalassets/flinn-scientific/all-product-images-rgb-jpegs/ap6286.jpg?format=webp&height=880&upscale=false,Next Day Delivery,Cleaning - Facility Supplies,2025222,"Cascade PRO Select Kitchen Roll Towels, 2 Ply, Nature, Pack of 12",1,$94.79,https://schoolspecialty.com/specialty-shops/next-day/cleaning-facility-supplies/cascade-pro-select-kitchen-roll-towels-2-ply-nature-pack-of-12-2025222,"https://www.schoolspecialty.com/images/aprimo/1623a9f7-7361-43af-83c0-b0f100ba7167/2025222_SPR_JPG%20Output.jpg?width=250&height=250&fit=bounds&canvas=250,250&bg-color=ffffff",0.0
Earth & Environmental Science,Geology,AP4967,Peridotite,1,$12.10,https://www.flinnsci.com/peridotite/ap4967/,https://www.flinnsci.com/globalassets/flinn-scientific/all-product-images-rgb-jpegs/ap4945etc.jpg?format=webp&height=880&upscale=false,Next Day Delivery,Cleaning - Facility Supplies,2025222,"Cascade PRO Select Kitchen Roll Towels, 2 Ply, Nature, Pack of 12",1,$94.79,https://schoolspecialty.com/specialty-shops/next-day/cleaning-facility-supplies/cascade-pro-select-kitchen-roll-towels-2-ply-nature-pack-of-12-2025222,"https://www.schoolspecialty.com/images/aprimo/1623a9f7-7361-43af-83c0-b0f100ba7167/2025222_SPR_JPG%20Output.jpg?width=250&height=250&fit=bounds&canvas=250,250&bg-color=ffffff",0.0
Earth & Environmental Science,Geology,AP5121,Sedimentator,1,$24.66,https://www.flinnsci.com/sedimentator/ap5121/,https://www.flinnsci.com/globalassets/flinn-scientific/all-product-images-rgb-jpegs/ap5121.png?format=webp&height=880&upscale=false,Next Day Delivery,Cleaning - Facility Supplies,2025222,"Cascade PRO Select Kitchen Roll Towels, 2 Ply, Nature, Pack of 12",1,$94.79,https://schoolspecialty.com/specialty-shops/next-day/cleaning-facility-supplies/cascade-pro-select-kitchen-roll-towels-2-ply-nature-pack-of-12-2025222,"https://www.schoolspecialty.com/images/aprimo/1623a9f7-7361-43af-83c0-b0f100ba7167/2025222_SPR_JPG%20Output.jpg?width=250&height=250&fit=bounds&canvas=250,250&bg-color=ffffff",0.0
Lab Furniture,Fume Hood Accessories,SE4055,Velometer (Vaneometer®),1,$112.07,https://www.flinnsci.com/velometer-vaneometer/se4055/,https://www.flinnsci.com/globalassets/flinn-scientific/all-product-images-rgb-jpegs/se4055_2.jpg?format=webp&height=880&upscale=false,Next Day Delivery,Cleaning - Facility Supplies,2025222,"Cascade PRO Select Kitchen Roll Towels, 2 Ply, Nature, Pack of 12",1,$94.79,https://schoolspecialty.com/specialty-shops/next-day/cleaning-facility-supplies/cascade-pro-select-kitchen-roll-towels-2-ply-nature-pack-of-12-2025222,"https://www.schoolspecialty.com/images/aprimo/1623a9f7-7361-43af-83c0-b0f100ba7167/2025222_SPR_JPG%20Output.jpg?width=250&height=250&fit=bounds&canvas=250,250&bg-color=ffffff",0.0
Physics & Physical Science,Energy & Work,AP6473,Collider,1,$151.30,https://www.flinnsci.com/collider/ap6473/,https://www.flinnsci.com/globalassets/flinn-scientific/all-product-images-rgb-jpegs/ap6473.jpg?format=webp&height=880&upscale=false,Next Day Delivery,Cleaning - Facility Supplies,2025222,"Cascade PRO Select Kitchen Roll Towels, 2 Ply, Nature, Pack of 12",1,$94.79,https://schoolspecialty.com/specialty-shops/next-day/cleaning-facility-supplies/cascade-pro-select-kitchen-roll-towels-2-ply-nature-pack-of-12-2025222,"https://www.schoolspecialty.com/images/aprimo/1623a9f7-7361-43af-83c0-b0f100ba7167/2025222_SPR_JPG%20Output.jpg?width=250&height=250&fit=bounds&canvas=250,250&bg-color=ffffff",0.0
Physics & Physical Science,Flinn PSworks,AP7208,PSworks Parabola™,1,$105.13,https://www.flinnsci.com/psworks-parabola/ap7208/,https://www.flinnsci.com/globalassets/flinn-scientific/all-product-images-rgb-jpegs/ap7208.jpg?format=webp&height=880&upscale=false,Next Day Delivery,Cleaning - Facility Supplies,2025222,"Cascade PRO Select Kitchen Roll Towels, 2 Ply, Nature, Pack of 12",1,$94.79,https://schoolspecialty.com/specialty-shops/next-day/cleaning-facility-supplies/cascade-pro-select-kitchen-roll-towels-2-ply-nature-pack-of-12-2025222,"https://www.schoolspecialty.com/images/aprimo/1623a9f7-7361-43af-83c0-b0f100ba7167/2025222_SPR_JPG%20Output.jpg?width=250&height=250&fit=bounds&canvas=250,250&bg-color=ffffff",0.0
Physics & Physical Science,Modern Materials,AP7776,Aerogel,1,$55.82,https://www.flinnsci.com/aerogel/ap7776/,https://www.flinnsci.com/globalassets/flinn-scientific/all-product-images-rgb-jpegs/ap7776.jpg?format=webp&height=880&upscale=false,Next Day Delivery,Cleaning - Facility Supplies,2025222,"Cascade PRO Select Kitchen Roll Towels, 2 Ply, Nature, Pack of 12",1,$94.79,https://schoolspecialty.com/specialty-shops/next-day/cleaning-facility-supplies/cascade-pro-select-kitchen-roll-towels-2-ply-nature-pack-of-12-2025222,"https://www.schoolspecialty.com/images/aprimo/1623a9f7-7361-43af-83c0-b0f100ba7167/2025222_SPR_JPG%20Output.jpg?width=250&height=250&fit=bounds&canvas=250,250&bg-color=ffffff",0.0
Physics & Physical Science,Motion,AP1972,Celt,1,$6.38,https://www.flinnsci.com/celt/ap1972/,https://www.flinnsci.com/globalassets/flinn-scientific/all-product-images-rgb-jpegs/ap1972.jpg?format=webp&height=880&upscale=false,Next Day Delivery,Cleaning - Facility Supplies,2025222,"Cascade PRO Select Kitchen Roll Towels, 2 Ply, Nature, Pack of 12",1,$94.79,https://schoolspecialty.com/specialty-shops/next-day/cleaning-facility-supplies/cascade-pro-select-kitchen-roll-towels-2-ply-nature-pack-of-12-2025222,"https://www.schoolspecialty.com/images/aprimo/1623a9f7-7361-43af-83c0-b0f100ba7167/2025222_SPR_JPG%20Output.jpg?width=250&height=250&fit=bounds&canvas=250,250&bg-color=ffffff",0.0
Physics & Physical Science,Physics of Toys,AP6657,Airzooka,1,$26.00,https://www.flinnsci.com/airzooka/ap6657/,https://www.flinnsci.com/globalassets/flinn-scientific/all-product-images-rgb-jpegs/ap6657.jpg?format=webp&height=880&upscale=false,Next Day Delivery,Cleaning - Facility Supplies,2025222,"Cascade PRO Select Kitchen Roll Towels, 2 Ply, Nature, Pack of 12",1,$94.79,https://schoolspecialty.com/specialty-shops/next-day/cleaning-facility-supplies/cascade-pro-select-kitchen-roll-towels-2-ply-nature-pack-of-12-2025222,"https://www.schoolspecialty.com/images/aprimo/1623a9f7-7361-43af-83c0-b0f100ba7167/2025222_SPR_JPG%20Output.jpg?width=250&height=250&fit=bounds&canvas=250,250&bg-color=ffffff",0.0
360Science,NA,DC11671,360Science™: Radioactive Decay,1,$0.00,https://www.flinnsci.com/360science-radioactive-decay/dc11671/,,Next Day Delivery,Cleaning - Facility Supplies,2025222,"Cascade PRO Select Kitchen Roll Towels, 2 Ply, Nature, Pack of 12",1,$94.79,https://schoolspecialty.com/specialty-shops/next-day/cleaning-facility-supplies/cascade-pro-select-kitchen-roll-towels-2-ply-nature-pack-of-12-2025222,"https://www.schoolspecialty.com/images/aprimo/1623a9f7-7361-43af-83c0-b0f100ba7167/2025222_SPR_JPG%20Output.jpg?width=250&height=250&fit=bounds&canvas=250,250&bg-color=ffffff",0.0
360Science,NA,DC11656,360Science™: Compressibility,1,$0.00,https://www.flinnsci.com/360science-compressibility/dc11656/,,Next Day Delivery,Cleaning - Facility Supplies,2025222,"Cascade PRO Select Kitchen Roll Towels, 2 Ply, Nature, Pack of 12",1,$94.79,https://schoolspecialty.com/specialty-shops/next-day/cleaning-facility-supplies/cascade-pro-select-kitchen-roll-towels-2-ply-nature-pack-of-12-2025222,"https://www.schoolspecialty.com/images/aprimo/1623a9f7-7361-43af-83c0-b0f100ba7167/2025222_SPR_JPG%20Output.jpg?width=250&height=250&fit=bounds&canvas=250,250&bg-color=ffffff",0.0
360Science,NA,DC11654,360Science™: Manipulating Equilibria,1,$0.00,https://www.flinnsci.com/360science-manipulating-equilibria/dc11654/,,Next Day Delivery,Cleaning - Facility Supplies,2025222,"Cascade PRO Select Kitchen Roll Towels, 2 Ply, Nature, Pack of 12",1,$94.79,https://schoolspecialty.com/specialty-shops/next-day/cleaning-facility-supplies/cascade-pro-select-kitchen-roll-towels-2-ply-nature-pack-of-12-2025222,"https://www.schoolspecialty.com/images/aprimo/1623a9f7-7361-43af-83c0-b0f100ba7167/2025222_SPR_JPG%20Output.jpg?width=250&height=250&fit=bounds&canvas=250,250&bg-color=ffffff",0.0
Biology,Anatomy & Physiology,DC10852,Mechanoreceptors,1,$0.00,https://www.flinnsci.com/mechanoreceptors/dc10852/,,Next Day Delivery,Cleaning - Facility Supplies,2025222,"Cascade PRO Select Kitchen Roll Towels, 2 Ply, Nature, Pack of 12",1,$94.79,https://schoolspecialty.com/specialty-shops/next-day/cleaning-facility-supplies/cascade-pro-select-kitchen-roll-towels-2-ply-nature-pack-of-12-2025222,"https://www.schoolspecialty.com/images/aprimo/1623a9f7-7361-43af-83c0-b0f100ba7167/2025222_SPR_JPG%20Output.jpg?width=250&height=250&fit=bounds&canvas=250,250&bg-color=ffffff",0.0
Biology,Animals,VFM0449,Minks Versus Cats,1,$0.00,https://www.flinnsci.com/minks-versus-cats/vfm0449/,,Next Day Delivery,Cleaning - Facility Supplies,2025222,"Cascade PRO Select Kitchen Roll Towels, 2 Ply, Nature, Pack of 12",1,$94.79,https://schoolspecialty.com/specialty-shops/next-day/cleaning-facility-supplies/cascade-pro-select-kitchen-roll-towels-2-ply-nature-pack-of-12-2025222,"https://www.schoolspecialty.com/images/aprimo/1623a9f7-7361-43af-83c0-b0f100ba7167/2025222_SPR_JPG%20Output.jpg?width=250&height=250&fit=bounds&canvas=250,250&bg-color=ffffff",0.0
Biology,Animals,DC11028,Culturing Snails,1,$0.00,https://www.flinnsci.com/culturing-snails/dc11028/,,Next Day Delivery,Cleaning - Facility Supplies,2025222,"Cascade PRO Select Kitchen Roll Towels, 2 Ply, Nature, Pack of 12",1,$94.79,https://schoolspecialty.com/specialty-shops/next-day/cleaning-facility-supplies/cascade-pro-select-kitchen-roll-towels-2-ply-nature-pack-of-12-2025222,"https://www.schoolspecialty.com/images/aprimo/1623a9f7-7361-43af-83c0-b0f100ba7167/2025222_SPR_JPG%20Output.jpg?width=250&height=250&fit=bounds&canvas=250,250&bg-color=ffffff",0.0
Biology,Animals,DC11027,Culturing Rotifers,1,$0.00,https://www.flinnsci.com/culturing-rotifers/dc11027/,,Next Day Delivery,Cleaning - Facility Supplies,2025222,"Cascade PRO Select Kitchen Roll Towels, 2 Ply, Nature, Pack of 12",1,$94.79,https://schoolspecialty.com/specialty-shops/next-day/cleaning-facility-supplies/cascade-pro-select-kitchen-roll-towels-2-ply-nature-pack-of-12-2025222,"https://www.schoolspecialty.com/images/aprimo/1623a9f7-7361-43af-83c0-b0f100ba7167/2025222_SPR_JPG%20Output.jpg?width=250&height=250&fit=bounds&canvas=250,250&bg-color=ffffff",0.0
Biology,Animals,DC10732,Vermicomposting,1,$0.00,https://www.flinnsci.com/vermicomposting/dc10732/,,Next Day Delivery,Cleaning - Facility Supplies,2025222,"Cascade PRO Select Kitchen Roll Towels, 2 Ply, Nature, Pack of 12",1,$94.79,https://schoolspecialty.com/specialty-shops/next-day/cleaning-facility-supplies/cascade-pro-select-kitchen-roll-towels-2-ply-nature-pack-of-12-2025222,"https://www.schoolspecialty.com/images/aprimo/1623a9f7-7361-43af-83c0-b0f100ba7167/2025222_SPR_JPG%20Output.jpg?width=250&height=250&fit=bounds&canvas=250,250&bg-color=ffffff",0.0
Biology,Animals,DC10585,Culturing Planaria,1,$0.00,https://www.flinnsci.com/culturing-planaria/dc10585/,,Next Day Delivery,Cleaning - Facility Supplies,2025222,"Cascade PRO Select Kitchen Roll Towels, 2 Ply, Nature, Pack of 12",1,$94.79,https://schoolspecialty.com/specialty-shops/next-day/cleaning-facility-supplies/cascade-pro-select-kitchen-roll-towels-2-ply-nature-pack-of-12-2025222,"https://www.schoolspecialty.com/images/aprimo/1623a9f7-7361-43af-83c0-b0f100ba7167/2025222_SPR_JPG%20Output.jpg?width=250&height=250&fit=bounds&canvas=250,250&bg-color=ffffff",0.0
Biology,Animals,DC10584,Culturing Mealworms,1,$0.00,https://www.flinnsci.com/culturing-mealworms/dc10584/,,Next Day Delivery,Cleaning - Facility Supplies,2025222,"Cascade PRO Select Kitchen Roll Towels, 2 Ply, Nature, Pack of 12",1,$94.79,https://schoolspecialty.com/specialty-shops/next-day/cleaning-facility-supplies/cascade-pro-select-kitchen-roll-towels-2-ply-nature-pack-of-12-2025222,"https://www.schoolspecialty.com/images/aprimo/1623a9f7-7361-43af-83c0-b0f100ba7167/2025222_SPR_JPG%20Output.jpg?width=250&height=250&fit=bounds&canvas=250,250&bg-color=ffffff",0.0
Biology,Animals,DC10582,Culturing Crickets,1,$0.00,https://www.flinnsci.com/culturing-crickets/dc10582/,,Next Day Delivery,Cleaning - Facility Supplies,2025222,"Cascade PRO Select Kitchen Roll Towels, 2 Ply, Nature, Pack of 12",1,$94.79,https://schoolspecialty.com/specialty-shops/next-day/cleaning-facility-supplies/cascade-pro-select-kitchen-roll-towels-2-ply-nature-pack-of-12-2025222,"https://www.schoolspecialty.com/images/aprimo/1623a9f7-7361-43af-83c0-b0f100ba7167/2025222_SPR_JPG%20Output.jpg?width=250&height=250&fit=bounds&canvas=250,250&bg-color=ffffff",0.0
Biology,Animals,DC10579,Culturing Hydra,1,$0.00,https://www.flinnsci.com/culturing-hydra/dc10579/,,Next Day Delivery,Cleaning - Facility Supplies,2025222,"Cascade PRO Select Kitchen Roll Towels, 2 Ply, Nature, Pack of 12",1,$94.79,https://schoolspecialty.com/specialty-shops/next-day/cleaning-facility-supplies/cascade-pro-select-kitchen-roll-towels-2-ply-nature-pack-of-12-2025222,"https://www.schoolspecialty.com/images/aprimo/1623a9f7-7361-43af-83c0-b0f100ba7167/2025222_SPR_JPG%20Output.jpg?width=250&height=250&fit=bounds&canvas=250,250&bg-color=ffffff",0.0
Biology,Animals,DC10380,LD50,1,$0.00,https://www.flinnsci.com/ld50/dc10380/,,Next Day Delivery,Cleaning - Facility Supplies,2025222,"Cascade PRO Select Kitchen Roll Towels, 2 Ply, Nature, Pack of 12",1,$94.79,https://schoolspecialty.com/specialty-shops/next-day/cleaning-facility-supplies/cascade-pro-select-kitchen-roll-towels-2-ply-nature-pack-of-12-2025222,"https://www.schoolspecialty.com/images/aprimo/1623a9f7-7361-43af-83c0-b0f100ba7167/2025222_SPR_JPG%20Output.jpg?width=250&height=250&fit=bounds&canvas=250,250&bg-color=ffffff",0.0
Biology,Animals,DC10156,Lumbriculus variegatus,1,$0.00,https://www.flinnsci.com/lumbriculus-variegatus/dc10156/,,Next Day Delivery,Cleaning - Facility Supplies,2025222,"Cascade PRO Select Kitchen Roll Towels, 2 Ply, Nature, Pack of 12",1,$94.79,https://schoolspecialty.com/specialty-shops/next-day/cleaning-facility-supplies/cascade-pro-select-kitchen-roll-towels-2-ply-nature-pack-of-12-2025222,"https://www.schoolspecialty.com/images/aprimo/1623a9f7-7361-43af-83c0-b0f100ba7167/2025222_SPR_JPG%20Output.jpg?width=250&height=250&fit=bounds&canvas=250,250&bg-color=ffffff",0.0
Biology,Animals,DC0952,Formalternate,1,$0.00,https://www.flinnsci.com/formalternate/dc0952/,,Next Day Delivery,Cleaning - Facility Supplies,2025222,"Cascade PRO Select Kitchen Roll Towels, 2 Ply, Nature, Pack of 12",1,$94.79,https://schoolspecialty.com/specialty-shops/next-day/cleaning-facility-supplies/cascade-pro-select-kitchen-roll-towels-2-ply-nature-pack-of-12-2025222,"https://www.schoolspecialty.com/images/aprimo/1623a9f7-7361-43af-83c0-b0f100ba7167/2025222_SPR_JPG%20Output.jpg?width=250&height=250&fit=bounds&canvas=250,250&bg-color=ffffff",0.0
Biology,Biochemistry,DC11275,Lactose Intolerance,1,$0.00,https://www.flinnsci.com/lactose-intolerance/dc11275/,,Next Day Delivery,Cleaning - Facility Supplies,2025222,"Cascade PRO Select Kitchen Roll Towels, 2 Ply, Nature, Pack of 12",1,$94.79,https://schoolspecialty.com/specialty-shops/next-day/cleaning-facility-supplies/cascade-pro-select-kitchen-roll-towels-2-ply-nature-pack-of-12-2025222,"https://www.schoolspecialty.com/images/aprimo/1623a9f7-7361-43af-83c0-b0f100ba7167/2025222_SPR_JPG%20Output.jpg?width=250&height=250&fit=bounds&canvas=250,250&bg-color=ffffff",0.0
Biology,Microbiology,VPD0166,"Petrifilm, FB1171",1,$0.00,https://www.flinnsci.com/petrifilm-fb1171/vpd0166/,,Next Day Delivery,Cleaning - Facility Supplies,2025222,"Cascade PRO Select Kitchen Roll Towels, 2 Ply, Nature, Pack of 12",1,$94.79,https://schoolspecialty.com/specialty-shops/next-day/cleaning-facility-supplies/cascade-pro-select-kitchen-roll-towels-2-ply-nature-pack-of-12-2025222,"https://www.schoolspecialty.com/images/aprimo/1623a9f7-7361-43af-83c0-b0f100ba7167/2025222_SPR_JPG%20Output.jpg?width=250&height=250&fit=bounds&canvas=250,250&bg-color=ffffff",0.0
Biology,Microbiology,DC10375,Sterilization Guidelines,1,$0.00,https://www.flinnsci.com/sterilization-guidelines/dc10375/,,Next Day Delivery,Cleaning - Facility Supplies,2025222,"Cascade PRO Select Kitchen Roll Towels, 2 Ply, Nature, Pack of 12",1,$94.79,https://schoolspecialty.com/specialty-shops/next-day/cleaning-facility-supplies/cascade-pro-select-kitchen-roll-towels-2-ply-nature-pack-of-12-2025222,"https://www.schoolspecialty.com/images/aprimo/1623a9f7-7361-43af-83c0-b0f100ba7167/2025222_SPR_JPG%20Output.jpg?width=250&height=250&fit=bounds&canvas=250,250&bg-color=ffffff",0.0
Biology,Protozoa,DC11284,Culturing Chilomonas,1,$0.00,https://www.flinnsci.com/culturing-chilomonas/dc11284/,,Next Day Delivery,Cleaning - Facility Supplies,2025222,"Cascade PRO Select Kitchen Roll Towels, 2 Ply, Nature, Pack of 12",1,$94.79,https://schoolspecialty.com/specialty-shops/next-day/cleaning-facility-supplies/cascade-pro-select-kitchen-roll-towels-2-ply-nature-pack-of-12-2025222,"https://www.schoolspecialty.com/images/aprimo/1623a9f7-7361-43af-83c0-b0f100ba7167/2025222_SPR_JPG%20Output.jpg?width=250&height=250&fit=bounds&canvas=250,250&bg-color=ffffff",0.0
Chemistry,Chemical Demonstrations,VPD0232,Polysnow™,1,$0.00,https://www.flinnsci.com/polysnow_e8a6b1e4/vpd0232/,,Next Day Delivery,Cleaning - Facility Supplies,2025222,"Cascade PRO Select Kitchen Roll Towels, 2 Ply, Nature, Pack of 12",1,$94.79,https://schoolspecialty.com/specialty-shops/next-day/cleaning-facility-supplies/cascade-pro-select-kitchen-roll-towels-2-ply-nature-pack-of-12-2025222,"https://www.schoolspecialty.com/images/aprimo/1623a9f7-7361-43af-83c0-b0f100ba7167/2025222_SPR_JPG%20Output.jpg?width=250&height=250&fit=bounds&canvas=250,250&bg-color=ffffff",0.0
Chemistry,Chemical Demonstrations,VEL1812B,Fluorescence,1,$0.00,https://www.flinnsci.com/fluorescence2/vel1812b/,,Next Day Delivery,Cleaning - Facility Supplies,2025222,"Cascade PRO Select Kitchen Roll Towels, 2 Ply, Nature, Pack of 12",1,$94.79,https://schoolspecialty.com/specialty-shops/next-day/cleaning-facility-supplies/cascade-pro-select-kitchen-roll-towels-2-ply-nature-pack-of-12-2025222,"https://www.schoolspecialty.com/images/aprimo/1623a9f7-7361-43af-83c0-b0f100ba7167/2025222_SPR_JPG%20Output.jpg?width=250&height=250&fit=bounds&canvas=250,250&bg-color=ffffff",0.0
Chemistry,Chemical Demonstrations,VEL1618,Methane Mamba,1,$0.00,https://www.flinnsci.com/methane-mamba2/vel1618/,,Next Day Delivery,Cleaning - Facility Supplies,2025222,"Cascade PRO Select Kitchen Roll Towels, 2 Ply, Nature, Pack of 12",1,$94.79,https://schoolspecialty.com/specialty-shops/next-day/cleaning-facility-supplies/cascade-pro-select-kitchen-roll-towels-2-ply-nature-pack-of-12-2025222,"https://www.schoolspecialty.com/images/aprimo/1623a9f7-7361-43af-83c0-b0f100ba7167/2025222_SPR_JPG%20Output.jpg?width=250&height=250&fit=bounds&canvas=250,250&bg-color=ffffff",0.0
Chemistry,Chemical Demonstrations,VEL1531,Colorimetry,1,$0.00,https://www.flinnsci.com/colorimetry2/vel1531/,,Next Day Delivery,Cleaning - Facility Supplies,2025222,"Cascade PRO Select Kitchen Roll Towels, 2 Ply, Nature, Pack of 12",1,$94.79,https://schoolspecialty.com/specialty-shops/next-day/cleaning-facility-supplies/cascade-pro-select-kitchen-roll-towels-2-ply-nature-pack-of-12-2025222,"https://www.schoolspecialty.com/images/aprimo/1623a9f7-7361-43af-83c0-b0f100ba7167/2025222_SPR_JPG%20Output.jpg?width=250&height=250&fit=bounds&canvas=250,250&bg-color=ffffff",0.0
Chemistry,Chemical Demonstrations,VEL1512,Supersaturation,1,$0.00,https://www.flinnsci.com/supersaturation/vel1512/,,Next Day Delivery,Cleaning - Facility Supplies,2025222,"Cascade PRO Select Kitchen Roll Towels, 2 Ply, Nature, Pack of 12",1,$94.79,https://schoolspecialty.com/specialty-shops/next-day/cleaning-facility-supplies/cascade-pro-select-kitchen-roll-towels-2-ply-nature-pack-of-12-2025222,"https://www.schoolspecialty.com/images/aprimo/1623a9f7-7361-43af-83c0-b0f100ba7167/2025222_SPR_JPG%20Output.jpg?width=250&height=250&fit=bounds&canvas=250,250&bg-color=ffffff",0.0
Chemistry,Chemical Demonstrations,VEL1431,Photonic Phosphorescence,1,$0.00,https://www.flinnsci.com/photonic-phosphorescence2/vel1431/,,Next Day Delivery,Cleaning - Facility Supplies,2025222,"Cascade PRO Select Kitchen Roll Towels, 2 Ply, Nature, Pack of 12",1,$94.79,https://schoolspecialty.com/specialty-shops/next-day/cleaning-facility-supplies/cascade-pro-select-kitchen-roll-towels-2-ply-nature-pack-of-12-2025222,"https://www.schoolspecialty.com/images/aprimo/1623a9f7-7361-43af-83c0-b0f100ba7167/2025222_SPR_JPG%20Output.jpg?width=250&height=250&fit=bounds&canvas=250,250&bg-color=ffffff",0.0
Chemistry,Chemical Demonstrations,VEL1414,Hexaflexagon,1,$0.00,https://www.flinnsci.com/hexaflexagon2/vel1414/,,Next Day Delivery,Cleaning - Facility Supplies,2025222,"Cascade PRO Select Kitchen Roll Towels, 2 Ply, Nature, Pack of 12",1,$94.79,https://schoolspecialty.com/specialty-shops/next-day/cleaning-facility-supplies/cascade-pro-select-kitchen-roll-towels-2-ply-nature-pack-of-12-2025222,"https://www.schoolspecialty.com/images/aprimo/1623a9f7-7361-43af-83c0-b0f100ba7167/2025222_SPR_JPG%20Output.jpg?width=250&height=250&fit=bounds&canvas=250,250&bg-color=ffffff",0.0
Chemistry,Chemical Demonstrations,VEL1243,Molarity versus Molality,1,$0.00,https://www.flinnsci.com/molarity-versus-molality2/vel1243/,,Next Day Delivery,Cleaning - Facility Supplies,2025222,"Cascade PRO Select Kitchen Roll Towels, 2 Ply, Nature, Pack of 12",1,$94.79,https://schoolspecialty.com/specialty-shops/next-day/cleaning-facility-supplies/cascade-pro-select-kitchen-roll-towels-2-ply-nature-pack-of-12-2025222,"https://www.schoolspecialty.com/images/aprimo/1623a9f7-7361-43af-83c0-b0f100ba7167/2025222_SPR_JPG%20Output.jpg?width=250&height=250&fit=bounds&canvas=250,250&bg-color=ffffff",0.0
Chemistry,Chemical Demonstrations,VEL1214,Rutherford Scattering,1,$0.00,https://www.flinnsci.com/rutherford-scattering2/vel1214/,,Next Day Delivery,Cleaning - Facility Supplies,2025222,"Cascade PRO Select Kitchen Roll Towels, 2 Ply, Nature, Pack of 12",1,$94.79,https://schoolspecialty.com/specialty-shops/next-day/cleaning-facility-supplies/cascade-pro-select-kitchen-roll-towels-2-ply-nature-pack-of-12-2025222,"https://www.schoolspecialty.com/images/aprimo/1623a9f7-7361-43af-83c0-b0f100ba7167/2025222_SPR_JPG%20Output.jpg?width=250&height=250&fit=bounds&canvas=250,250&bg-color=ffffff",0.0
Chemistry,Chemical Demonstrations,DC91812B,Fluorescence,1,$0.00,https://www.flinnsci.com/fluorescence/dc91812b/,,Next Day Delivery,Cleaning - Facility Supplies,2025222,"Cascade PRO Select Kitchen Roll Towels, 2 Ply, Nature, Pack of 12",1,$94.79,https://schoolspecialty.com/specialty-shops/next-day/cleaning-facility-supplies/cascade-pro-select-kitchen-roll-towels-2-ply-nature-pack-of-12-2025222,"https://www.schoolspecialty.com/images/aprimo/1623a9f7-7361-43af-83c0-b0f100ba7167/2025222_SPR_JPG%20Output.jpg?width=250&height=250&fit=bounds&canvas=250,250&bg-color=ffffff",0.0
Chemistry,Chemical Demonstrations,DC91618,Methane Mamba,1,$0.00,https://www.flinnsci.com/methane-mamba/dc91618/,,Next Day Delivery,Cleaning - Facility Supplies,2025222,"Cascade PRO Select Kitchen Roll Towels, 2 Ply, Nature, Pack of 12",1,$94.79,https://schoolspecialty.com/specialty-shops/next-day/cleaning-facility-supplies/cascade-pro-select-kitchen-roll-towels-2-ply-nature-pack-of-12-2025222,"https://www.schoolspecialty.com/images/aprimo/1623a9f7-7361-43af-83c0-b0f100ba7167/2025222_SPR_JPG%20Output.jpg?width=250&height=250&fit=bounds&canvas=250,250&bg-color=ffffff",0.0
Chemistry,Chemical Demonstrations,DC91531,Colorimetry,1,$0.00,https://www.flinnsci.com/colorimetry/dc91531/,,Next Day Delivery,Cleaning - Facility Supplies,2025222,"Cascade PRO Select Kitchen Roll Towels, 2 Ply, Nature, Pack of 12",1,$94.79,https://schoolspecialty.com/specialty-shops/next-day/cleaning-facility-supplies/cascade-pro-select-kitchen-roll-towels-2-ply-nature-pack-of-12-2025222,"https://www.schoolspecialty.com/images/aprimo/1623a9f7-7361-43af-83c0-b0f100ba7167/2025222_SPR_JPG%20Output.jpg?width=250&height=250&fit=bounds&canvas=250,250&bg-color=ffffff",0.0
Chemistry,Chemical Demonstrations,DC91431,Photonic Phosphorescence,1,$0.00,https://www.flinnsci.com/photonic-phosphorescence/dc91431/,,Next Day Delivery,Cleaning - Facility Supplies,2025222,"Cascade PRO Select Kitchen Roll Towels, 2 Ply, Nature, Pack of 12",1,$94.79,https://schoolspecialty.com/specialty-shops/next-day/cleaning-facility-supplies/cascade-pro-select-kitchen-roll-towels-2-ply-nature-pack-of-12-2025222,"https://www.schoolspecialty.com/images/aprimo/1623a9f7-7361-43af-83c0-b0f100ba7167/2025222_SPR_JPG%20Output.jpg?width=250&height=250&fit=bounds&canvas=250,250&bg-color=ffffff",0.0
Chemistry,Chemical Demonstrations,DC91414,Hexaflexagon,1,$0.00,https://www.flinnsci.com/hexaflexagon/dc91414/,,Next Day Delivery,Cleaning - Facility Supplies,2025222,"Cascade PRO Select Kitchen Roll Towels, 2 Ply, Nature, Pack of 12",1,$94.79,https://schoolspecialty.com/specialty-shops/next-day/cleaning-facility-supplies/cascade-pro-select-kitchen-roll-towels-2-ply-nature-pack-of-12-2025222,"https://www.schoolspecialty.com/images/aprimo/1623a9f7-7361-43af-83c0-b0f100ba7167/2025222_SPR_JPG%20Output.jpg?width=250&height=250&fit=bounds&canvas=250,250&bg-color=ffffff",0.0
Chemistry,Chemical Demonstrations,DC91404,Blue + Blue ≠ Blue,1,$0.00,https://www.flinnsci.com/blue--blue--blue/dc91404/,,Next Day Delivery,Cleaning - Facility Supplies,2025222,"Cascade PRO Select Kitchen Roll Towels, 2 Ply, Nature, Pack of 12",1,$94.79,https://schoolspecialty.com/specialty-shops/next-day/cleaning-facility-supplies/cascade-pro-select-kitchen-roll-towels-2-ply-nature-pack-of-12-2025222,"https://www.schoolspecialty.com/images/aprimo/1623a9f7-7361-43af-83c0-b0f100ba7167/2025222_SPR_JPG%20Output.jpg?width=250&height=250&fit=bounds&canvas=250,250&bg-color=ffffff",0.0
Chemistry,Chemical Demonstrations,DC91243,Molarity versus Molality,1,$0.00,https://www.flinnsci.com/molarity-versus-molality/dc91243/,,Next Day Delivery,Cleaning - Facility Supplies,2025222,"Cascade PRO Select Kitchen Roll Towels, 2 Ply, Nature, Pack of 12",1,$94.79,https://schoolspecialty.com/specialty-shops/next-day/cleaning-facility-supplies/cascade-pro-select-kitchen-roll-towels-2-ply-nature-pack-of-12-2025222,"https://www.schoolspecialty.com/images/aprimo/1623a9f7-7361-43af-83c0-b0f100ba7167/2025222_SPR_JPG%20Output.jpg?width=250&height=250&fit=bounds&canvas=250,250&bg-color=ffffff",0.0
Chemistry,Chemical Demonstrations,DC91214,Rutherford Scattering,1,$0.00,https://www.flinnsci.com/rutherford-scattering/dc91214/,,Next Day Delivery,Cleaning - Facility Supplies,2025222,"Cascade PRO Select Kitchen Roll Towels, 2 Ply, Nature, Pack of 12",1,$94.79,https://schoolspecialty.com/specialty-shops/next-day/cleaning-facility-supplies/cascade-pro-select-kitchen-roll-towels-2-ply-nature-pack-of-12-2025222,"https://www.schoolspecialty.com/images/aprimo/1623a9f7-7361-43af-83c0-b0f100ba7167/2025222_SPR_JPG%20Output.jpg?width=250&height=250&fit=bounds&canvas=250,250&bg-color=ffffff",0.0
Chemistry,Chemical Demonstrations,DC8836,Dissolvo,1,$0.00,https://www.flinnsci.com/dissolvo/dc8836/,,Next Day Delivery,Cleaning - Facility Supplies,2025222,"Cascade PRO Select Kitchen Roll Towels, 2 Ply, Nature, Pack of 12",1,$94.79,https://schoolspecialty.com/specialty-shops/next-day/cleaning-facility-supplies/cascade-pro-select-kitchen-roll-towels-2-ply-nature-pack-of-12-2025222,"https://www.schoolspecialty.com/images/aprimo/1623a9f7-7361-43af-83c0-b0f100ba7167/2025222_SPR_JPG%20Output.jpg?width=250&height=250&fit=bounds&canvas=250,250&bg-color=ffffff",0.0
Chemistry,Chemical Demonstrations,DC5446,Lazer Dazer,1,$0.00,https://www.flinnsci.com/lazer-dazer_cca6f5fc/dc5446/,,Next Day Delivery,Cleaning - Facility Supplies,2025222,"Cascade PRO Select Kitchen Roll Towels, 2 Ply, Nature, Pack of 12",1,$94.79,https://schoolspecialty.com/specialty-shops/next-day/cleaning-facility-supplies/cascade-pro-select-kitchen-roll-towels-2-ply-nature-pack-of-12-2025222,"https://www.schoolspecialty.com/images/aprimo/1623a9f7-7361-43af-83c0-b0f100ba7167/2025222_SPR_JPG%20Output.jpg?width=250&height=250&fit=bounds&canvas=250,250&bg-color=ffffff",0.0
Chemistry,Chemical Demonstrations,DC19621,Polyspheres,1,$0.00,https://www.flinnsci.com/polyspheres/dc19621/,,Next Day Delivery,Cleaning - Facility Supplies,2025222,"Cascade PRO Select Kitchen Roll Towels, 2 Ply, Nature, Pack of 12",1,$94.79,https://schoolspecialty.com/specialty-shops/next-day/cleaning-facility-supplies/cascade-pro-select-kitchen-roll-towels-2-ply-nature-pack-of-12-2025222,"https://www.schoolspecialty.com/images/aprimo/1623a9f7-7361-43af-83c0-b0f100ba7167/2025222_SPR_JPG%20Output.jpg?width=250&height=250&fit=bounds&canvas=250,250&bg-color=ffffff",0.0
Chemistry,Chemical Demonstrations,DC10733,Pseudoscience,1,$0.00,https://www.flinnsci.com/pseudoscience/dc10733/,,Next Day Delivery,Cleaning - Facility Supplies,2025222,"Cascade PRO Select Kitchen Roll Towels, 2 Ply, Nature, Pack of 12",1,$94.79,https://schoolspecialty.com/specialty-shops/next-day/cleaning-facility-supplies/cascade-pro-select-kitchen-roll-towels-2-ply-nature-pack-of-12-2025222,"https://www.schoolspecialty.com/images/aprimo/1623a9f7-7361-43af-83c0-b0f100ba7167/2025222_SPR_JPG%20Output.jpg?width=250&height=250&fit=bounds&canvas=250,250&bg-color=ffffff",0.0
Chemistry,Chemical Demonstrations,DC10474,PolySnow,1,$0.00,https://www.flinnsci.com/polysnow_1171b88b/dc10474/,,Next Day Delivery,Cleaning - Facility Supplies,2025222,"Cascade PRO Select Kitchen Roll Towels, 2 Ply, Nature, Pack of 12",1,$94.79,https://schoolspecialty.com/specialty-shops/next-day/cleaning-facility-supplies/cascade-pro-select-kitchen-roll-towels-2-ply-nature-pack-of-12-2025222,"https://www.schoolspecialty.com/images/aprimo/1623a9f7-7361-43af-83c0-b0f100ba7167/2025222_SPR_JPG%20Output.jpg?width=250&height=250&fit=bounds&canvas=250,250&bg-color=ffffff",0.0
Chemistry,Chemical Demonstrations,DC10246,Electronegativity,1,$0.00,https://www.flinnsci.com/electronegativity/dc10246/,,Next Day Delivery,Cleaning - Facility Supplies,2025222,"Cascade PRO Select Kitchen Roll Towels, 2 Ply, Nature, Pack of 12",1,$94.79,https://schoolspecialty.com/specialty-shops/next-day/cleaning-facility-supplies/cascade-pro-select-kitchen-roll-towels-2-ply-nature-pack-of-12-2025222,"https://www.schoolspecialty.com/images/aprimo/1623a9f7-7361-43af-83c0-b0f100ba7167/2025222_SPR_JPG%20Output.jpg?width=250&height=250&fit=bounds&canvas=250,250&bg-color=ffffff",0.0
Chemistry,Chemical Demonstrations,DC07451,Effervescent Oscillator,1,$0.00,https://www.flinnsci.com/effervescent-oscillator/dc07451/,,Next Day Delivery,Cleaning - Facility Supplies,2025222,"Cascade PRO Select Kitchen Roll Towels, 2 Ply, Nature, Pack of 12",1,$94.79,https://schoolspecialty.com/specialty-shops/next-day/cleaning-facility-supplies/cascade-pro-select-kitchen-roll-towels-2-ply-nature-pack-of-12-2025222,"https://www.schoolspecialty.com/images/aprimo/1623a9f7-7361-43af-83c0-b0f100ba7167/2025222_SPR_JPG%20Output.jpg?width=250&height=250&fit=bounds&canvas=250,250&bg-color=ffffff",0.0
Chemistry,Student Lab Activities,DC0295,Heigh-Ho Silver,1,$0.00,https://www.flinnsci.com/heigh-ho-silver/dc0295/,,Next Day Delivery,Cleaning - Facility Supplies,2025222,"Cascade PRO Select Kitchen Roll Towels, 2 Ply, Nature, Pack of 12",1,$94.79,https://schoolspecialty.com/specialty-shops/next-day/cleaning-facility-supplies/cascade-pro-select-kitchen-roll-towels-2-ply-nature-pack-of-12-2025222,"https://www.schoolspecialty.com/images/aprimo/1623a9f7-7361-43af-83c0-b0f100ba7167/2025222_SPR_JPG%20Output.jpg?width=250&height=250&fit=bounds&canvas=250,250&bg-color=ffffff",0.0
Earth & Environmental Science,Water Testing,DC0846,Winkler Titration,1,$0.00,https://www.flinnsci.com/winkler-titration/dc0846/,,Next Day Delivery,Cleaning - Facility Supplies,2025222,"Cascade PRO Select Kitchen Roll Towels, 2 Ply, Nature, Pack of 12",1,$94.79,https://schoolspecialty.com/specialty-shops/next-day/cleaning-facility-supplies/cascade-pro-select-kitchen-roll-towels-2-ply-nature-pack-of-12-2025222,"https://www.schoolspecialty.com/images/aprimo/1623a9f7-7361-43af-83c0-b0f100ba7167/2025222_SPR_JPG%20Output.jpg?width=250&height=250&fit=bounds&canvas=250,250&bg-color=ffffff",0.0
Physics & Physical Science,Energy & Work,VPD0284,"Collider, AP6473",1,$0.00,https://www.flinnsci.com/collider-ap6473/vpd0284/,,Next Day Delivery,Cleaning - Facility Supplies,2025222,"Cascade PRO Select Kitchen Roll Towels, 2 Ply, Nature, Pack of 12",1,$94.79,https://schoolspecialty.com/specialty-shops/next-day/cleaning-facility-supplies/cascade-pro-select-kitchen-roll-towels-2-ply-nature-pack-of-12-2025222,"https://www.schoolspecialty.com/images/aprimo/1623a9f7-7361-43af-83c0-b0f100ba7167/2025222_SPR_JPG%20Output.jpg?width=250&height=250&fit=bounds&canvas=250,250&bg-color=ffffff",0.0
Physics & Physical Science,Energy & Work,DC1972,Celt,1,$0.00,https://www.flinnsci.com/celt_794de838/dc1972/,,Next Day Delivery,Cleaning - Facility Supplies,2025222,"Cascade PRO Select Kitchen Roll Towels, 2 Ply, Nature, Pack of 12",1,$94.79,https://schoolspecialty.com/specialty-shops/next-day/cleaning-facility-supplies/cascade-pro-select-kitchen-roll-towels-2-ply-nature-pack-of-12-2025222,"https://www.schoolspecialty.com/images/aprimo/1623a9f7-7361-43af-83c0-b0f100ba7167/2025222_SPR_JPG%20Output.jpg?width=250&height=250&fit=bounds&canvas=250,250&bg-color=ffffff",0.0
Safety Reference,Flinn Safety Course,VSC0629,Negligence - Damages,1,$0.00,https://www.flinnsci.com/negligence---damages/vsc0629/,,Next Day Delivery,Cleaning - Facility Supplies,2025222,"Cascade PRO Select Kitchen Roll Towels, 2 Ply, Nature, Pack of 12",1,$94.79,https://schoolspecialty.com/specialty-shops/next-day/cleaning-facility-supplies/cascade-pro-select-kitchen-roll-towels-2-ply-nature-pack-of-12-2025222,"https://www.schoolspecialty.com/images/aprimo/1623a9f7-7361-43af-83c0-b0f100ba7167/2025222_SPR_JPG%20Output.jpg?width=250&height=250&fit=bounds&canvas=250,250&bg-color=ffffff",0.0
Safety Reference,Flinn Safety Course,VSC0535,Larry Flinn Website Overview,1,$0.00,https://www.flinnsci.com/larry-flinn-website-overview/vsc0535/,,Next Day Delivery,Cleaning - Facility Supplies,2025222,"Cascade PRO Select Kitchen Roll Towels, 2 Ply, Nature, Pack of 12",1,$94.79,https://schoolspecialty.com/specialty-shops/next-day/cleaning-facility-supplies/cascade-pro-select-kitchen-roll-towels-2-ply-nature-pack-of-12-2025222,"https://www.schoolspecialty.com/images/aprimo/1623a9f7-7361-43af-83c0-b0f100ba7167/2025222_SPR_JPG%20Output.jpg?width=250&height=250&fit=bounds&canvas=250,250&bg-color=ffffff",0.0
Safety Reference,Safety Demonstrations,DC10366,Flaming Fingernails,1,$0.00,https://www.flinnsci.com/flaming-fingernails/dc10366/,,Next Day Delivery,Cleaning - Facility Supplies,2025222,"Cascade PRO Select Kitchen Roll Towels, 2 Ply, Nature, Pack of 12",1,$94.79,https://schoolspecialty.com/specialty-shops/next-day/cleaning-facility-supplies/cascade-pro-select-kitchen-roll-towels-2-ply-nature-pack-of-12-2025222,"https://www.schoolspecialty.com/images/aprimo/1623a9f7-7361-43af-83c0-b0f100ba7167/2025222_SPR_JPG%20Output.jpg?width=250&height=250&fit=bounds&canvas=250,250&bg-color=ffffff",0.0
Chemicals,NA,P0268,"Perchloroethylene, 500 mL",1,$33.95,https://www.flinnsci.com/perchloroethylene-500-ml/p0268/,https://www.flinnsci.com/globalassets/flinn-scientific/all-product-images-rgb-jpegs/p0268_e.jpg?format=webp&height=880&upscale=false,Next Day Delivery,Cleaning - Facility Supplies,2025222,"Cascade PRO Select Kitchen Roll Towels, 2 Ply, Nature, Pack of 12",1,$94.79,https://schoolspecialty.com/specialty-shops/next-day/cleaning-facility-supplies/cascade-pro-select-kitchen-roll-towels-2-ply-nature-pack-of-12-2025222,"https://www.schoolspecialty.com/images/aprimo/1623a9f7-7361-43af-83c0-b0f100ba7167/2025222_SPR_JPG%20Output.jpg?width=250&height=250&fit=bounds&canvas=250,250&bg-color=ffffff",0.0
Chemicals,NA,P0213,"Pentane, 100 mL",1,$11.00,https://www.flinnsci.com/pentane-100-ml/p0213/,https://www.flinnsci.com/globalassets/flinn-scientific/all-product-images-rgb-jpegs/p0213_e.jpg?format=webp&height=880&upscale=false,Next Day Delivery,Cleaning - Facility Supplies,2025222,"Cascade PRO Select Kitchen Roll Towels, 2 Ply, Nature, Pack of 12",1,$94.79,https://schoolspecialty.com/specialty-shops/next-day/cleaning-facility-supplies/cascade-pro-select-kitchen-roll-towels-2-ply-nature-pack-of-12-2025222,"https://www.schoolspecialty.com/images/aprimo/1623a9f7-7361-43af-83c0-b0f100ba7167/2025222_SPR_JPG%20Output.jpg?width=250&height=250&fit=bounds&canvas=250,250&bg-color=ffffff",0.0
Chemicals,NA,M0215,"Mesitylene, 100 mL",1,$38.90,https://www.flinnsci.com/mesitylene-100-ml/m0215/,https://www.flinnsci.com/globalassets/flinn-scientific/all-product-images-rgb-jpegs/m0215_e.jpg?format=webp&height=880&upscale=false,Next Day Delivery,Cleaning - Facility Supplies,2025222,"Cascade PRO Select Kitchen Roll Towels, 2 Ply, Nature, Pack of 12",1,$94.79,https://schoolspecialty.com/specialty-shops/next-day/cleaning-facility-supplies/cascade-pro-select-kitchen-roll-towels-2-ply-nature-pack-of-12-2025222,"https://www.schoolspecialty.com/images/aprimo/1623a9f7-7361-43af-83c0-b0f100ba7167/2025222_SPR_JPG%20Output.jpg?width=250&height=250&fit=bounds&canvas=250,250&bg-color=ffffff",0.0
Chemicals,NA,E0020,"Ethylene Glycol, 500 mL",1,$10.64,https://www.flinnsci.com/ethylene-glycol-500-ml/e0020/,https://www.flinnsci.com/globalassets/flinn-scientific/all-product-images-rgb-jpegs/e0020_e.jpg?format=webp&height=880&upscale=false,Next Day Delivery,Cleaning - Facility Supplies,2025222,"Cascade PRO Select Kitchen Roll Towels, 2 Ply, Nature, Pack of 12",1,$94.79,https://schoolspecialty.com/specialty-shops/next-day/cleaning-facility-supplies/cascade-pro-select-kitchen-roll-towels-2-ply-nature-pack-of-12-2025222,"https://www.schoolspecialty.com/images/aprimo/1623a9f7-7361-43af-83c0-b0f100ba7167/2025222_SPR_JPG%20Output.jpg?width=250&height=250&fit=bounds&canvas=250,250&bg-color=ffffff",0.0
Chemicals,NA,C0289,"Cyclohexanone, 500 mL",1,$37.26,https://www.flinnsci.com/cyclohexanone-500-ml/c0289/,https://www.flinnsci.com/globalassets/flinn-scientific/all-product-images-rgb-jpegs/c0289_e.jpg?format=webp&height=880&upscale=false,Next Day Delivery,Cleaning - Facility Supplies,2025222,"Cascade PRO Select Kitchen Roll Towels, 2 Ply, Nature, Pack of 12",1,$94.79,https://schoolspecialty.com/specialty-shops/next-day/cleaning-facility-supplies/cascade-pro-select-kitchen-roll-towels-2-ply-nature-pack-of-12-2025222,"https://www.schoolspecialty.com/images/aprimo/1623a9f7-7361-43af-83c0-b0f100ba7167/2025222_SPR_JPG%20Output.jpg?width=250&height=250&fit=bounds&canvas=250,250&bg-color=ffffff",0.0
Chemicals,NA,C0113,"Cyclohexane, 500 mL",1,$13.84,https://www.flinnsci.com/cyclohexane-500-ml/c0113/,https://www.flinnsci.com/globalassets/flinn-scientific/all-product-images-rgb-jpegs/c0113_e.jpg?format=webp&height=880&upscale=false,Next Day Delivery,Cleaning - Facility Supplies,2025222,"Cascade PRO Select Kitchen Roll Towels, 2 Ply, Nature, Pack of 12",1,$94.79,https://schoolspecialty.com/specialty-shops/next-day/cleaning-facility-supplies/cascade-pro-select-kitchen-roll-towels-2-ply-nature-pack-of-12-2025222,"https://www.schoolspecialty.com/images/aprimo/1623a9f7-7361-43af-83c0-b0f100ba7167/2025222_SPR_JPG%20Output.jpg?width=250&height=250&fit=bounds&canvas=250,250&bg-color=ffffff",0.0
Chemicals,NA,B0239,"2-Bromobutane, 100 mL",1,$39.78,https://www.flinnsci.com/2-bromobutane-100-ml/b0239/,https://www.flinnsci.com/globalassets/flinn-scientific/all-product-images-rgb-jpegs/b0239_e.jpg?format=webp&height=880&upscale=false,Next Day Delivery,Cleaning - Facility Supplies,2025222,"Cascade PRO Select Kitchen Roll Towels, 2 Ply, Nature, Pack of 12",1,$94.79,https://schoolspecialty.com/specialty-shops/next-day/cleaning-facility-supplies/cascade-pro-select-kitchen-roll-towels-2-ply-nature-pack-of-12-2025222,"https://www.schoolspecialty.com/images/aprimo/1623a9f7-7361-43af-83c0-b0f100ba7167/2025222_SPR_JPG%20Output.jpg?width=250&height=250&fit=bounds&canvas=250,250&bg-color=ffffff",0.0
Chemicals,NA,B0238,"1-Bromobutane, 100 mL",1,$20.34,https://www.flinnsci.com/1-bromobutane-100-ml/b0238/,https://www.flinnsci.com/globalassets/flinn-scientific/all-product-images-rgb-jpegs/b0238_e.jpg?format=webp&height=880&upscale=false,Next Day Delivery,Cleaning - Facility Supplies,2025222,"Cascade PRO Select Kitchen Roll Towels, 2 Ply, Nature, Pack of 12",1,$94.79,https://schoolspecialty.com/specialty-shops/next-day/cleaning-facility-supplies/cascade-pro-select-kitchen-roll-towels-2-ply-nature-pack-of-12-2025222,"https://www.schoolspecialty.com/images/aprimo/1623a9f7-7361-43af-83c0-b0f100ba7167/2025222_SPR_JPG%20Output.jpg?width=250&height=250&fit=bounds&canvas=250,250&bg-color=ffffff",0.0
Chemicals,NA,Q0018,"1-Octanol, 100 mL",1,$15.69,https://www.flinnsci.com/1-octanol-100-ml/q0018/,https://www.flinnsci.com/globalassets/flinn-scientific/all-product-images-rgb-jpegs/q0018_e.jpg?format=webp&height=880&upscale=false,Next Day Delivery,Cleaning - Facility Supplies,2025222,"Cascade PRO Select Kitchen Roll Towels, 2 Ply, Nature, Pack of 12",1,$94.79,https://schoolspecialty.com/specialty-shops/next-day/cleaning-facility-supplies/cascade-pro-select-kitchen-roll-towels-2-ply-nature-pack-of-12-2025222,"https://www.schoolspecialty.com/images/aprimo/1623a9f7-7361-43af-83c0-b0f100ba7167/2025222_SPR_JPG%20Output.jpg?width=250&height=250&fit=bounds&canvas=250,250&bg-color=ffffff",0.0
Chemicals,NA,Q0014,"1-Octanol, 500 mL",1,$40.23,https://www.flinnsci.com/1-octanol-500-ml/q0014/,https://www.flinnsci.com/globalassets/flinn-scientific/all-product-images-rgb-jpegs/q0014_e.jpg?format=webp&height=880&upscale=false,Next Day Delivery,Cleaning - Facility Supplies,2025222,"Cascade PRO Select Kitchen Roll Towels, 2 Ply, Nature, Pack of 12",1,$94.79,https://schoolspecialty.com/specialty-shops/next-day/cleaning-facility-supplies/cascade-pro-select-kitchen-roll-towels-2-ply-nature-pack-of-12-2025222,"https://www.schoolspecialty.com/images/aprimo/1623a9f7-7361-43af-83c0-b0f100ba7167/2025222_SPR_JPG%20Output.jpg?width=250&height=250&fit=bounds&canvas=250,250&bg-color=ffffff",0.0
Chemicals,NA,K0002,"Kerosene, 500 mL",1,$12.64,https://www.flinnsci.com/kerosene-500-ml/k0002/,https://www.flinnsci.com/globalassets/flinn-scientific/all-product-images-rgb-jpegs/k0002_e.jpg?format=webp&height=880&upscale=false,Next Day Delivery,Cleaning - Facility Supplies,2025222,"Cascade PRO Select Kitchen Roll Towels, 2 Ply, Nature, Pack of 12",1,$94.79,https://schoolspecialty.com/specialty-shops/next-day/cleaning-facility-supplies/cascade-pro-select-kitchen-roll-towels-2-ply-nature-pack-of-12-2025222,"https://www.schoolspecialty.com/images/aprimo/1623a9f7-7361-43af-83c0-b0f100ba7167/2025222_SPR_JPG%20Output.jpg?width=250&height=250&fit=bounds&canvas=250,250&bg-color=ffffff",0.0
Chemicals,NA,C0141,"Cyclohexene, 500 mL",1,$66.68,https://www.flinnsci.com/cyclohexene-500-ml/c0141/,https://www.flinnsci.com/globalassets/flinn-scientific/all-product-images-rgb-jpegs/c0141_e.jpg?format=webp&height=880&upscale=false,Next Day Delivery,Cleaning - Facility Supplies,2025222,"Cascade PRO Select Kitchen Roll Towels, 2 Ply, Nature, Pack of 12",1,$94.79,https://schoolspecialty.com/specialty-shops/next-day/cleaning-facility-supplies/cascade-pro-select-kitchen-roll-towels-2-ply-nature-pack-of-12-2025222,"https://www.schoolspecialty.com/images/aprimo/1623a9f7-7361-43af-83c0-b0f100ba7167/2025222_SPR_JPG%20Output.jpg?width=250&height=250&fit=bounds&canvas=250,250&bg-color=ffffff",0.0
Chemicals,NA,C0190,"Cyclohexanol, 500 mL",1,$60.24,https://www.flinnsci.com/cyclohexanol-500-ml/c0190/,https://www.flinnsci.com/globalassets/flinn-scientific/all-product-images-rgb-jpegs/c0190_e.jpg?format=webp&height=880&upscale=false,Next Day Delivery,Cleaning - Facility Supplies,2025222,"Cascade PRO Select Kitchen Roll Towels, 2 Ply, Nature, Pack of 12",1,$94.79,https://schoolspecialty.com/specialty-shops/next-day/cleaning-facility-supplies/cascade-pro-select-kitchen-roll-towels-2-ply-nature-pack-of-12-2025222,"https://www.schoolspecialty.com/images/aprimo/1623a9f7-7361-43af-83c0-b0f100ba7167/2025222_SPR_JPG%20Output.jpg?width=250&height=250&fit=bounds&canvas=250,250&bg-color=ffffff",0.0
Chemicals,NA,B0138,"Bromobenzene, 100 mL",1,$44.83,https://www.flinnsci.com/bromobenzene-100-ml/b0138/,https://www.flinnsci.com/globalassets/flinn-scientific/all-product-images-rgb-jpegs/b0138_e.jpg?format=webp&height=880&upscale=false,Next Day Delivery,Cleaning - Facility Supplies,2025222,"Cascade PRO Select Kitchen Roll Towels, 2 Ply, Nature, Pack of 12",1,$94.79,https://schoolspecialty.com/specialty-shops/next-day/cleaning-facility-supplies/cascade-pro-select-kitchen-roll-towels-2-ply-nature-pack-of-12-2025222,"https://www.schoolspecialty.com/images/aprimo/1623a9f7-7361-43af-83c0-b0f100ba7167/2025222_SPR_JPG%20Output.jpg?width=250&height=250&fit=bounds&canvas=250,250&bg-color=ffffff",0.0
Chemicals,NA,B0017,"Benzaldehyde, 100 mL",1,$26.68,https://www.flinnsci.com/benzaldehyde-100-ml/b0017/,https://www.flinnsci.com/globalassets/flinn-scientific/all-product-images-rgb-jpegs/b0017_e.jpg?format=webp&height=880&upscale=false,Next Day Delivery,Cleaning - Facility Supplies,2025222,"Cascade PRO Select Kitchen Roll Towels, 2 Ply, Nature, Pack of 12",1,$94.79,https://schoolspecialty.com/specialty-shops/next-day/cleaning-facility-supplies/cascade-pro-select-kitchen-roll-towels-2-ply-nature-pack-of-12-2025222,"https://www.schoolspecialty.com/images/aprimo/1623a9f7-7361-43af-83c0-b0f100ba7167/2025222_SPR_JPG%20Output.jpg?width=250&height=250&fit=bounds&canvas=250,250&bg-color=ffffff",0.0
