Carolina_product_category,Carolina_product_sub_category,Carolina_product_id,Carolina_product_name,Carolina_product_quantity,Carolina_product_price,Carolina_product_url,Carolina_image_url,Carolina_product_desc
Biotechnology,New - Biotechnology,215105,Cryogenic Vials,1,,https://www.carolina.com/biotechnology-tubes/cryogenic-vial-externally-threaded-cap-2-ml-sterile-10-resealable-bags-of-50-500-tubes-total/215105.pr,https://www.carolina.com/images/product/large/215105.jpg,
Biotechnology,New - Biotechnology,213755,Carolina® Integrated Electrophoresis System,1,,https://www.carolina.com/elecrophoresis-chambers/carolina-integrated-electrophoresis-system-us-plug/213755.pr,https://www.carolina.com/images/product/large/213755.jpg,
Biotechnology,New - Biotechnology,214827,Authentic Inheritance Patterns Kit,1,Call For Pricing,https://www.carolina.com/human-genetics/authentic-inheritance-patterns-kit/214827.pr,https://www.carolina.com/images/product/large/214827.jpg,"Product Details See what happens when inheritance patterns walk off the pages of a textbook and into a doctor's office With the Authentic Inheritance Patterns Kit, students take on the roles of geneticist and genetic counselor to determine the genetic disease of a hypothetical 6-year-old patient named Mason, the disease's inheritance pattern, and the likelihood that other family members have the same disease. To do so, student groups each examine 1 of 5 unique scenarios that include family pedigrees. They also explore how a disease can be caused by genetic changes in many different genes and can be inherited in a dominant, recessive, or X-linked pattern. Featuring reusable case cards and decals, this kit is perfect for teaching pedigrees and inheritance within an authentic, engaging medical context. Product Features Kit materials are sufficient for 10 groups of 3 to 4 students. Kit activities are designed for a single 90-minute class period or two 45-minute periods. Materials are fully reusable. Kit also includes free 1-year access to digital resources that support 3-dimensional instruction for NGSS."
Biotechnology,New - Biotechnology,214828,How Do Polygenic Risk Scores Stack Up? Kit,1,Call For Pricing,https://www.carolina.com/human-genetics/how-do-polygenic-risk-scores-stack-up-kit/214828.pr,https://www.carolina.com/images/product/large/214828.jpg,"Product Details A unique experience that teaches both graphing literacy and genetics The How Do Polygenic Risk Scores Stack Up? Kit uses authentic data and graphical representations to address 2 central questions: How are traits, such as disease risk, distributed across a population? And how can identifying an individual's risk shape health care decision-making? Recent advances have led to models that combine the impact of genetic risk factors for an individual developing a particular disease into a single calculation known as a polygenic risk score (PRS). To help students understand how these models can affect health decisions, the activity employs 3-dimensional boxes to represent normal and skewed population curves, giving learners a visually impactful hands-on experience with the data. Students use these curves to examine polygenic risk scores and assess a person's risk for 2 different complex diseases. In addition to teaching essential data and graphing skills, the activity also highlights a weakness in current genomic research—lack of diversity—with the hope of equipping the next generation of researchers, health care workers, and consumers to address this critical issue. Product Features Designed for a class of 30 students and easily adaptable to larger classes. Includes 30 unique boxes that stack and rotate to show 4 distinct data distributions. Boxes are foldable for easy storage. Visually impactful examples of normal and skewed distributions. Discusses the need for diversity in current genomic research. Time Requirements One 90-minute block period or two 45-minute periods. Learning Objectives Analyze data on traits within a population to identify patterns within expressed traits. Construct a model of trait distribution across a population and analyze data to determine where an individual lies within that distribution. Discuss how relative diversity within a population sample can impact the clinical utility of an individual's polygenic risk score. Classify a distribution graph as ""normal"" or ""skewed."" Given a data set, build models that illustrate distribution across a population. Explain what a polygenic risk score is and use it to assess an individual's genetic risk of developing a complex disease. Describe the limitations of polygenic risk scores."
Biotechnology,New - Biotechnology,215251,Cap Locks for 1.5-mL Tubes,1,,https://www.carolina.com/biotechnology-tubes/cap-locks-for-1-5-ml-tubes-pack-of-100/215251.pr,https://www.carolina.com/images/product/large/215251.jpg,
Biotechnology,New - Biotechnology,217290,OHAUS Endeavor™ 5000 Light-Duty Orbital Shakers,1,,https://www.carolina.com/other-biotechnology-equipment/ohaus-endeavor-5000-light-duty-orbital-shaker-3-mm-orbit/217290.pr,https://www.carolina.com/images/product/large/217290.jpg,
Biotechnology,New - Biotechnology,211399,"Carolina® PCR Beads, 25 Reactions",1,Call For Pricing,https://www.carolina.com/biotechnology-lab-supplies/carolina-pcr-beads-25-reactions/211399.pr,https://www.carolina.com/images/product/large/211399.jpg,"Product Details Reduce errors, save time, and perform PCR reactions with confidence by using Carolina® PCR Beads. Simply add DNA template and primer mix to a PCR bead then mix and spin, and you are ready to amplify! Enjoy convenient, room-temperature storage and reduction in the number of volumes needed to dispense results. Carolina® PCR Beads produce high yields and reproducible results. Product Features Includes 25 PCR beads sufficient for 25 PCR reactions Stable for up to 9 months at room temperature Suggested for use with thin-walled 0.2-mL or 0.5-mL PCR tubes Each Carolina® PCR Bead contains: dNTP mixture Taq DNA polymerase buffer Taq DNA polymerase MgCl2 Reaction buffer"
Biotechnology,New - Biotechnology,214090,Carolina® High-Speed Microcentrifuges,1,,https://www.carolina.com/laboratory-centrifuges/carolina-ambient-high-speed-microcentrifuge-us-plug/214090.pr,https://www.carolina.com/images/product/large/214090_w.jpg,
Biotechnology,New - Biotechnology,211165,Taq Polymerase Production and Validation Kit,1,,https://www.carolina.com/biotechnology-kits/taq-polymerase-production-and-validation-amplification-kit-with-voucher/211165.pr,https://www.carolina.com/images/product/large/211165.jpg,
Biotechnology,New - Biotechnology,215540,"Multilevel Test Tube Rack, 0.2 to 50 mL",1,Call For Pricing,https://www.carolina.com/other-biotechnology-equipment/multilevel-test-tube-rack-0-2-to-50-ml/215540.pr,https://www.carolina.com/images/product/large/215540.jpg,"Product Details Experience unmatched flexibility and adaptability on your lab bench with the Multilevel Test Tube Rack. Made of durable polypropylene, it accommodates tubes ranging in size from 0.2 mL to 50 mL, all on one convenient, tiered rack. The multilevel structure makes it easy to keep the test tubes organized. Product Features Bottom level can hold twenty-four 0.2-mL tubes, ten 0.5-mL tubes, and seven 1.2-mL tubes Middle level can hold ten 1.5-mL tubes, sixteen 2-mL tubes, and fourteen 5-mL tubes Top level can hold seven 15-mL tubes and four 50-mL tubes Constructed of polypropylene and autoclavable"
Biotechnology,New - Biotechnology,211460,Lab Skills Posters,1,,https://www.carolina.com/other-biotechnology-equipment/how-to-micropipette-lab-skills-poster/211460.pr,https://www.carolina.com/images/product/large/211460.jpg,
Biotechnology,New - Biotechnology,214085A,Carolina® Digital MicroCentrifuge,1,,https://www.carolina.com/other-biotechnology-equipment/carolina-digital-microcentrifuge-us-plug/214085A.pr,https://www.carolina.com/images/product/large/214085A.jpg,
Biotechnology,New - Biotechnology,215096,"Transport Tube, 10 mL, with Cap, Sterile, Pack of 100",100,Call For Pricing,https://www.carolina.com/biotechnology-tubes/transport-tube-10-ml-with-cap-sterile-pack-of-100/215096.pr,https://www.carolina.com/images/product/large/215096.jpg,"Product Details Perfect to store, transport, or freeze solutions, these self-standing transport tubes are fitted with leakproof screw caps and made of high-grade polypropylene. Graduations and marking area are printed in white for easy measuring and labeling. Product Features Pack of 100 tubes 10-mL capacity Graduated Self-standing Leakproof screw caps Polypropylene Sterile"
Biotechnology,New - Biotechnology,FAM_211027,USB-C Electrical Leads with Insulated Alligator Clips,1,Call For Pricing,https://www.carolina.com/lab-equipment-power-supplies/usb-c-electrical-leads-with-insulated-alligator-clips/FAM_211027.pr,https://www.carolina.com/images/product/large/211027.jpg,"Power lab applications with USB-C—and forget the batteries! Delivering 45-V DC when plugged into a USB-C port, these leads replace the battery-to-alligator clip system when used with Exploring Electrophoresis Series kits (items #211033, #211034, #211012, and #211014) and Petri Dish Electrolysis Kit (item #840830)."
Biotechnology,New - Biotechnology,214310,Carolina® Fixed-Volume Micropipettes,1,,https://www.carolina.com/lab-measuring-pipets/carolina-fixed-volume-micropipette-10-ul/214310.pr,https://www.carolina.com/images/product/large/214310.jpg,
Biotechnology,New - Biotechnology,213418,Stem Cells Poster,1,Call For Pricing,https://www.carolina.com/other-biotechnology-equipment/stem-cells-poster/213418.pr,https://www.carolina.com/images/product/large/213418.jpg,"Product Details This informative, illustrated poster depicts and describes stem cells—what they are, how they are made, where they are found—and details prospective future developments in stem cell technology. With sturdy construction and colorful, eye-catching diagrams, the poster is a fantastic addition to any biotechnology or biology classroom. Product Features Measures 23 x 35"" Laminated for durability"
Biotechnology,New - Biotechnology,213417,Biotechnology Poster,1,Call For Pricing,https://www.carolina.com/other-biotechnology-equipment/biotechnology-poster/213417.pr,https://www.carolina.com/images/product/large/213417.jpg,"Product Details This informative, illustrated poster depicts DNA fingerprinting using gel electrophoresis; genetic engineering; polymerase chain reaction (PCR); and vaccine production. With colorful, eye-catching diagrams and sturdy construction, the poster is a fantastic addition to any biotechnology or biology classroom. Product Features Measures 23 x 35"" Laminated for durability"
Biotechnology,New - Biotechnology,211601,"Obliterase, 32 oz",1,Call For Pricing,https://www.carolina.com/biotechnology-lab-supplies/obliterase-32-oz/211601.pr,https://www.carolina.com/images/product/large/211601.jpg,"Product Highlights Use Obliterase to eliminate RNase, DNase, and DNA contamination. Product Features Decontaminates beakers, flasks, pipettes, and tubes Use on glass, plastics, and stainless steel Residue-free Phosphate-free/biodegradable 32-oz spray bottle Directions: Use full strength; do not dilute. Wet item thoroughly by spraying solution and ensure all surfaces are coated. Let item sit for a couple seconds. Then drain and rinse twice with DNase-free water. You can also soak the object in Obliterase, drain, and rinse twice with DNase-free water."
Biotechnology,New - Biotechnology,215150,"LoadWell™ Micropipet Tips, Sterile, 20–200 µL, Rack of 96",1,Call For Pricing,https://www.carolina.com/lab-measuring-pipets/loadwell-micropipet-tips-sterile-20%EF%BF%BD200-ul-rack-of-96/215150.pr,https://www.carolina.com/images/product/large/215150.jpg,"Product Details Make loading samples into gel electrophoresis wells easier with LoadWell™ micropipet tips. These unique, flexible, narrow-diameter capillary tips can help students to avoid puncturing wells and transfer complete volumes during electrophoresis experiments. Product Features 20–200 µL Universal fit for standard pipettors Sterile Free of RNase, DNase, and pyrogens Rack of 96 tips"
Biotechnology,New - Biotechnology,FAM_211100,Exploring Gene Expression Through Transformation Kit,1,Call For Pricing,https://www.carolina.com/biotechnology-kits/exploring-gene-expression-through-transformation-kit/FAM_211100.pr,https://www.carolina.com/images/product/large/211100P.jpg,Product Highlights Explain the importance of promoters and gene regulation Perform a successful bacterial transformation Describe the role of transformation in genetic engineering Articulate the importance of the controls in an experiment
Biotechnology,New - Biotechnology,FAM_211395,eDNA: Sampling Soil for Antibiotic Resistance Kit,1,Call For Pricing,https://www.carolina.com/biotechnology-kits/edna-sampling-soil-for-antibiotic-resistance-kit/FAM_211395.pr,https://www.carolina.com/images/product/large/211395.jpg,Product Highlights: Perform eDNA sampling and analysis on soil with PCR and electrophoresis Participate in ongoing research by contributing data to the PARE research project Students participate in a genuine science project with an unknown outcome
Biotechnology,New - Biotechnology,211307,DNA Gel Electrophoresis Reagent Set with GelGreen®,1,Call For Pricing,https://www.carolina.com/biotechnology-electrophoresis-reagents/dna-gel-electrophoresis-reagent-set-with-gelgreen/211307.pr,https://www.carolina.com/images/product/large/211307.jpg,"Contains all reagents needed for separating DNA restriction fragments using agarose gel electrophoresis. Includes tris-borate-EDTA (TBE) electrophoresis buffer concentrate for 10 L of 1x buffer; electrophoresis-grade agarose, 25 g; loading dye, 1 mL; and 150 µL of GelGreen® stain."
Biotechnology,New - Biotechnology,214547,Carolina® Micropipette Starter Bundle,1,Call For Pricing,https://www.carolina.com/biotechnology-equipment-packages/carolina-micropipette-starter-bundle/214547.pr,https://www.carolina.com/images/product/large/214547.jpg,"Product Details The perfect bundle for beginning with micropipetting or for those looking to develop their pipetting skills. Four of the most popular-sized micropipettes, the Carolina® Pipette Carousel Stand (item #214619), and tips are combined with our Practice Pipetting Stations Kit (item #211145) to provide everything you need to teach the essential lab skill of pipetting. Get your students practicing their skills on simulated gels with a variety of micropipettes and tip sizes—right out of the box. Set includes: 4 Carolina® Laboratory Pipettors (1.0–10 µL, 2.0–20 µL, 20–200 µL, and 100–1,000 µL) Carolina® Pipette Carousel Stand (item #214619) 3 racks of micropipette tips (96 tips each rack) Practice Pipetting Stations Kit (item #211145) Product Features Includes all materials needed for students to practice micropipetting in one kit Common micropipetting equipment conveniently packaged together A budget-friendly bundle"
Biotechnology,New - Biotechnology,FAM_213811,E-Gel® Power Snap Electrophoresis System,1,Call For Pricing,https://www.carolina.com/elecrophoresis-chambers/e-gel-power-snap-electrophoresis-system/FAM_213811.pr,https://www.carolina.com/images/product/large/213811.jpg,"Traditional gel electrophoresis takes a lot of time—from casting the gel, to loading and running it, and finally visualizing and imaging the result. The E-Gel® Power Snap Electrophoresis System significantly simplifies the process with a compact runner, precast agarose gels, and imaging solution that save time and bench space. It requires no connection to a desktop computer, so you can run gels and capture images on the spot."
Biotechnology,New - Biotechnology,211170,rClone: Exploring Regulation of Translation with Synthetic Biology Kit,1,,https://www.carolina.com/biotechnology-kits/rclone-exploring-regulation-of-translation-with-synthetic-biology-kit-with-voucher/211170.pr,https://www.carolina.com/images/product/large/211170P.jpg,
Biotechnology,New - Biotechnology,FAM_214420,"Safety Pipet Filler, Tie-Dye",1,Call For Pricing,https://www.carolina.com/lab-measuring-pipets/safety-pipet-filler-tie-dye/FAM_214420.pr,https://www.carolina.com/images/product/large/214420_g.jpg,"Add some personality to your lab with these colorful, tie-dye safety pipet fillers. These dependable, easy-to-manage rubber pipet fillers each feature 50-mL bulb capacity, 3 standard valves, and 1/4""-diam flanged opening. They accommodate pipets up to 100 mL and draw 50 mL at a time."
Biotechnology,New - Biotechnology,FAM_215584,Frosty Mate™ Color Change Freezer Racks,1,Call For Pricing,https://www.carolina.com/biotechnology-lab-supplies/frosty-mate-color-change-freezer-racks/FAM_215584.pr,https://www.carolina.com/images/product/large/215584.jpg,Check sample temperature at a glance. These freezer racks provide a visual indicator of temperature by dramatically changing color from yellow to dark green when their temperature is below 7° C and back to yellow when their temperature rises above 7° C.
Biotechnology,New - Biotechnology,FAM_216352A,SureAir™ PCR Workstation,1,Call For Pricing,https://www.carolina.com/biotechnology-thermal-cyclers/sureair-pcr-workstation/FAM_216352A.pr,https://www.carolina.com/images/product/large/216352A.jpg,"This PCR workstation reduces contamination and provides a clean room environment at a fraction of the space and cost of a typical PCR workstation. A high-powered internal fan works with the included HEPA filter to purify air within the chamber and filters 99.97% of particles 0.3 µm and larger. Includes UVC light that eliminates any stray DNA that may contaminate samples, automatically shuts off after 15 minutes, and is operational only when the cover is closed to protect users."
Biotechnology,New - Biotechnology,FAM_216204A,SmartDrop™ Nano Spectrophotometers,1,Call For Pricing,https://www.carolina.com/other-biotechnology-equipment/smartdrop-nano-spectrophotometers/FAM_216204A.pr,https://www.carolina.com/images/product/large/216204A.jpg,"The ideal choice for laboratories needing quick and easy quantification of small samples, such as determining nucleic acid and protein concentrations or assessing the purity of a sample. SmartDrop™ spectrophotometers eliminate the need for dilutions, providing more accurate results by utilizing a small sample volume. With no external computer required, data can be printed with the integrated printer, exported via USB, or saved in the onboard memory. Results are received within seconds."
Biotechnology,New - Biotechnology,217200,OHAUS Dry Block Heaters,1,,https://www.carolina.com/other-biotechnology-equipment/ohaus-1-block-dry-bath-digital/217200.pr,https://www.carolina.com/images/product/large/217200.jpg,
Biotechnology,New - Biotechnology,217211,OHAUS Frontier™ Series Micro Centrifuges,1,,https://www.carolina.com/other-biotechnology-equipment/ohaus-frontier-5000-benchtop-micro-centrifuge/217211.pr,https://www.carolina.com/images/product/large/217211.jpg,
Biotechnology,New - Biotechnology,FAM_217221,OHAUS Frontier™ Series Multi Centrifuges,1,Call For Pricing,https://www.carolina.com/other-biotechnology-equipment/ohaus-frontier-series-multi-centrifuges/FAM_217221.pr,https://www.carolina.com/images/product/large/217221.jpg,"Frontier™ Multi Centrifuges are reliable, compact, low-speed general purpose centrifuges. They use standard rotor options that can process both round and conical bottom tubes (including common blood tubes), and can also be adapted easily with accessories to process smaller tubes. Frontier™ rotors extend the functionality of Frontier™ centrifuges by increasing the number, types, and sizes of tubes that can be used in conjunction with each centrifuge model. Carolina-exclusive 3-yr warranty."
Biotechnology,New - Biotechnology,217214,OHAUS Frontier™ Series Multi-Pro Centrifuges,1,,https://www.carolina.com/other-biotechnology-equipment/ohaus-frontier%E2%84%A2-5000-multi-pro-centrifuge-4-x-100-ml/217214.pr,https://www.carolina.com/images/product/large/217214.jpg,
Biotechnology,New - Biotechnology,FAM_217264,OHAUS Incubating Heavy-Duty Orbital Shaker and Accessories,1,Call For Pricing,https://www.carolina.com/other-biotechnology-equipment/ohaus-incubating-heavy-duty-orbital-shaker-and-accessories%C2%A0/FAM_217264.pr,https://www.carolina.com/images/product/large/217264.jpg,"Designed for a variety of shaking and incubating applications, these incubating heavy-duty orbital shakers offer exceptional temperature uniformity. The space-saving benchtop models feature exceptional ventilation, speed accuracy, and consistent shaking. Shaker accessories are also available to meet your specific requirements and to safely secure your samples."
Biotechnology,New - Biotechnology,FAM_216350A,MultiCycler™ Multi-Block Thermal Cyclers,1,Call For Pricing,https://www.carolina.com/biotechnology-thermal-cyclers/multicycler-multi-block-thermal-cyclers/FAM_216350A.pr,https://www.carolina.com/images/product/large/216350A.jpg,"These dual- and triple-block thermal cyclers feature multiple cycling blocks, making them perfect for busy labs or for use across multiple class periods. Features include a large, adjustable 10"" full-color touch screen providing ease of access to advanced programming features including gradient, adjustable ramp rates, time adjustments, and user password protection to prevent interference on existing runs. A USB port allows for storage and easy transfer of protocols between MultiCycler™ machines."
Biotechnology,New - Biotechnology,217277,OHAUS HT Lysing Homogenizer,1,Call For Pricing,https://www.carolina.com/other-biotechnology-equipment/ohaus-ht-lysing-homogenizer/217277.pr,https://www.carolina.com/images/product/large/217277.jpg,"Product Details The OHAUS HT (high throughput) lysing bead mill lab homogenizer provides efficient grinding, pulverizing, mixing, and homogenizing for your sample preparations. Features high-speed linear motion and a secure lock that can hold microplates, deep-well plates, or tubes. This homogenizer is ideal for applications such as DNA, RNA, and protein analysis; cell lysing; PCR; and gene expression. The LED display, 5 preset program buttons, and touchpad controls make it easy to use—no matter how difficult the task. Product Features Grinds, pulverizes, mixes, and homogenizes High-speed linear motion Secure lock that holds microplates, deep-well plates, or tubes LED display 5 preset program buttons Touchpad Easy to use Accessories are available for the OHAUS HT Lysing Homogenizer. Contact Carolina Customer Service to learn more: 800.334.5551 or customer_service@carolina.com."
Biotechnology,New - Biotechnology,FAM_214711,Jupiter Electronic Pipettors,1,Call For Pricing,https://www.carolina.com/other-biotechnology-equipment/jupiter-electronic-pipettors/FAM_214711.pr,https://www.carolina.com/images/product/large/214711.jpg,"Jupiter Electronic Pipettors combine an ergonomic design with electronic operation to provide accurate results while protecting users against repetitive motion injury. Quick selection between modes (pipetting, stepper dispensing, and diluting), volumes, and speeds is accomplished by convenient 2-knob control. Digital displays provide clear status indicators."
Biotechnology,New - Biotechnology,216420,Carolina® Digital Vortex Mixer,1,Call For Pricing,https://www.carolina.com/other-biotechnology-equipment/carolina-digital-vortex-mixer/216420.pr,https://www.carolina.com/images/product/large/216420.jpg,"Product Details The Carolina® Digital Vortex Mixer combines dependable performance and an intuitive digital interface with 3 easy-to-change adapters, providing your lab with broad mixing versatility in a relatively small footprint. Mix almost any liquid or powder efficiently and at high speed by digitally choosing between 2 work modes (inching or continuous), then selecting desired speed (200 to 3,000 r/min) and time (1 sec to 99 minutes) to quickly obtain the mixing performance needed. Sturdy construction with counterweight, centric balance, and suction feet ensure this vortex mixer stays in place and runs quietly. Product Features Easy-to-use digital control of time, speed, and working modes Includes 3 adapters to accommodate 14- to 10-mm tubes, flask or multi-tubes with a diameter less than 85 mm, and tubes or vials with a diameter less than 50 mm Built-in counterweight, centric balance, and suction feet ensure stable, quiet use Speed range: 200 to 3,000 r/min Working modes: inching and continuous Time range: 1 sec to 99 min Relatively small footprint: 127 x 147 x 128 mm Warranty: 1 year CE approved"
Biotechnology,New - Biotechnology,214430,"Carolina® Polystyrene Disposable Serological Pipets, Sterile",1,,https://www.carolina.com/lab-pipets/carolina-polystyrene-disposable-serological-pipet-sterile-1-ml-yellow-pack-of-500/214430.pr,https://www.carolina.com/images/product/large/214430.jpg,
Biotechnology,New - Biotechnology,215101,ProSeries™ High-Performance Centrifuge Tubes with FreezeTech™ Temperature Indicator,1,,https://www.carolina.com/biotechnology-tubes/proseries-high-performance-centrifuge-tubes-with-freezetech-temperature-indicator-sterile-15-ml-20-eco-plastic-racks-of-25-500-tubes-total/215101.pr,https://www.carolina.com/images/product/large/215101.jpg,
Biotechnology,New - Biotechnology,216228,Smart-Q™ Fluorometers,1,,https://www.carolina.com/other-biotechnology-equipment/smart-q-100-fluorometer-for-single-samples/216228.pr,https://www.carolina.com/images/product/large/216228.jpg,
Biotechnology,Biotech Kits,216345,Sleep Lab™: Lark or Owl? Kit,1,Call For Pricing,https://www.carolina.com/biotechnology-kits/sleep-lab-lark-or-owl-kit/216345.pr,https://www.carolina.com/images/product/large/216345.jpg,"Product Details Are you a night owl? Or a morning lark? The answer may be in your genes. This lab allows students to test their own genotypes at the circadian clock gene Per3 locus that has been associated with sleep behavior preferences in humans. The coding region of this gene contains a VNTR (variable number tandem repeat) that is polymorphic (variable) across people. In one study, a Per3 allele carrying 4 copies of this repeat was found at higher frequencies in people with a preference for evening activity, while the allele with 5 copies of this repeat was found more frequently in individuals with a preference for morning activities. Students will get to assess their own Per3 genotypes using PCR and gel electrophoresis, while also assessing their sleep phenotypes by answering a questionnaire about their own chronotypes (circadian preferences). As is true for many postulated genetic associations, the evidence for a link between Per3 genotypes and sleep phenotypes is not yet definitive—while some studies have shown association between this VNTR and sleep, others were unable to reproduce it. Your work is needed! We hope that collective data gathered in your classroom can help shed light on this possible association between Per3 genotypes and circadian phenotypes. You'll participate in an authentic open inquiry investigation on the genetic underpinnings of sleep. Product Features Kit provides enough materials for 8 lab groups Online teacher guide, student guide, and additional resources are available for download Can be completed in two 45-minute class periods or one 120-minute class period Note: The reagents in this lab require freezer storage and are stable for 12 months when stored in the freezer."
Biotechnology,Biotech Kits,216347,Agricultural Monitoring Lab: A Case Study in Antibiotic Resistance Kit,1,Call For Pricing,https://www.carolina.com/biotechnology-kits/agricultural-monitoring-lab-a-case-study-in-antibiotic-resistance-kit/216347.pr,https://www.carolina.com/images/product/large/216347.jpg,"Product Details This lab presents a fictional case study of a very real problem. Epidemiologists have traced an outbreak of antibiotic-resistant bacteria to one farm. Students use PCR to determine if the antibiotic-resistant bacteria have spread to neighboring areas. This case study introduces students to how molecular analyses can serve as a tool in environmental monitoring and surveillance. Produced in collaboration with PARE—The Prevalence of Antibiotic Resistance in the Environment project at Tufts University. No harmful samples are used in this lab. Product Features Kit provides enough materials for 8 lab groups Online teacher guide, student guide, and additional resources are available for downloading Can be completed in two 45-minute class periods or one 90-minute period Note: The reagents in this lab require freezer storage and are stable for 12 months when stored in the freezer."
Biotechnology,Biotech Kits,216900,CRISPR in a Box™,1,,https://www.carolina.com/biotechnology-kits/crispr-in-a-box-kit-with-voucher/216900.pr,https://www.carolina.com/images/product/large/216900P.jpg,
Biotechnology,Biotech Kits,211337EBK,DNALC Making Lactose-Free Milk Digital Resources,1,Call For Pricing,https://www.carolina.com/dna-learning-center-dnalc/dnalc-making-lactose-free-milk-digital-resources/211337EBK.pr,https://www.carolina.com/images/product/large/211337EBK.jpg,"Product Details Use this digital resource package with DNALC Making Lactose-Free Milk Kit (item #211337) or as a standalone set of resources. Additional materials are required to conduct the investigation. Digital resources may include: Setup, phenomena, or activity videos Student prelab activities Interactive digital lessons and simulations Digital teacher's manual Downloadable resources Activity supplies spreadsheet Printable student guide Access the resources in your classroom or assign them to your students via Carolina Science Online®. This 1-year subscription license is for an individual teaching up to 45 students. Multiple licenses may be required."
Biotechnology,Biotech Kits,214827EBK,Authentic Inheritance Patterns Digital Resources,1,Call For Pricing,https://www.carolina.com/human-genetics/authentic-inheritance-patterns-digital-resources/214827EBK.pr,https://www.carolina.com/images/product/large/214827EBK.jpg,"Use this digital resource package with the Authentic Inheritance Patterns Kit (item #214827) or as a standalone set of resources. Digital resources may include: Setup, phenomena, or activity videos Student pre-lab activities Interactive digital lessons and simulations Digital teacher's manual Downloadable resources Activity supplies spreadsheet Printable student guide Access the resources in your classroom or assign them to your students via Carolina Science Online. This 1-year subscription license is for an individual teaching up to 45 students. Multiple licenses may be required."
Biotechnology,Biotech Kits,211165EBK,Taq Polymerase Production and Validation Digital Resources,1,Call For Pricing,https://www.carolina.com/dna-learning-center-dnalc/taq-polymerase-production-and-validation-digital-resources/211165EBK.pr,https://www.carolina.com/images/product/large/211165.jpg,"Use this digital resource package with the Taq Polymerase Production and Validation Kits (items #211165, #211165P, #211166, #211166P, #211167, and #211167P) or as a standalone set of resources. Digital resources may include: Setup, phenomena, or activity videos Student pre-lab activities Interactive digital lessons and simulations Digital teacher's manual Downloadable resources Activity supplies spreadsheet Printable student guide Access the resources in your classroom or assign them to your students via Carolina Science Online. This 1-year subscription license is for an individual teaching up to 45 students. Multiple licenses may be required."
Biotechnology,Biotech Kits,211170EBK,rClone: Exploring the Regulation of Translation with Synthetic Biology Digital Resources,1,Call For Pricing,https://www.carolina.com/biotechnology-kits/rclone-exploring-the-regulation-of-translation-with-synthetic-biology-digital-resources/211170EBK.pr,https://www.carolina.com/images/product/large/211170EBK.jpg,"Product Details Use this digital resource package with rClone: Exploring Regulation of Translation with Synthetic Biology Kit (items #211170 and #211170P) or as a standalone set of resources. Additional materials are required to conduct the investigation. Digital resources may include: Setup, phenomena, or activity videos Student prelab activities Interactive digital lessons and simulations Digital teacher's manual Downloadable resources Activity supplies spreadsheet Printable student guide Access the resources in your classroom or assign them to your students via Carolina Science Online®. This 1-year subscription license is for an individual teaching up to 45 students. Multiple licenses may be required."
Biotechnology,Biotech Kits,217010,BioBuilder® Guiding Light: Measuring and Analyzing Fluorescence Kit,1,Call For Pricing,https://www.carolina.com/biotechnology-kits/biobuilder-guiding-light-measuring-and-analyzing-fluorescence-kit/217010.pr,https://www.carolina.com/images/product/large/217010.jpg,"Product Details Now includes a simple-to-build fluorescence viewer! In this simple yet impactful activity, students examine the relationship between fluorescence intensity and concentration of fluorescent molecules. They use a typical highlighting marker to create a standard curve, giving them the ability to determine the concentration of fluorescent molecules in other samples. The free Carolina® RGB Colorimeter app is used for accurate measurements without the need for expensive equipment. Product Features Unique, build-your-own molecular viewer Powerful yet simple demonstration of serial dilutions Compatible with the Carolina® RGB Colorimeter app Easily expanded to test a variety of variables and conditions"
Biotechnology,Biotech Kits,211033,Exploring Electrophoresis Using Forensic DNA Evidence Kit,1,,https://www.carolina.com/dna-extraction-quantification/exploring-electrophoresis-using-forensic-dna-evidence-demonstration-kit/211033.pr,https://www.carolina.com/images/product/large/211033.jpg,
Biotechnology,Biotech Kits,211255,Fish Protein Fingerprinting Kits,1,,https://www.carolina.com/gene-expression-advanced-topics/fish-protein-fingerprinting-on-agarose-gels-kit-with-voucher/211255.pr,https://www.carolina.com/images/product/large/211255_bit.jpg,
Biotechnology,Biotech Kits,211072P,Purification of Green Fluorescent Protein Kits,1,,https://www.carolina.com/gene-expression-advanced-topics/purification-of-green-fluorescent-protein-8-station-kit-module-2-purification-with-perishables/211072P.pr,https://www.carolina.com/images/product/large/211072P.jpg,
Biotechnology,Biotech Kits,211138,DNA Necklace Kits,1,,https://www.carolina.com/dna-extraction-quantification/dna-necklace-classroom-kit/211138.pr,https://www.carolina.com/images/product/large/211138_w.jpg,
Biotechnology,Biotech Kits,FAM_211073,Purification of Green Fluorescent Protein Kits,1,Call For Pricing,https://www.carolina.com/transformation-dna-transfer/purification-of-green-fluorescent-protein-kits/FAM_211073.pr,https://www.carolina.com/images/product/large/211070_b_bit.jpg,"This kit is great for teaching:The molecular basis of heredityThe relationship between genes and proteinsHow E. coli is used to engineer proteins useful in medicine and manufacturingThree techniques - transformation, protein purification, and protein gel electrophoresis, commonly used in biological research and its areas of application"
Biotechnology,Biotech Kits,211772,Exploring the CRISPR-Cas Defense System Kit,1,,https://www.carolina.com/dna-models-and-simulations/exploring-the-crispr-cas-defense-system-kit-with-voucher/211772.pr,https://www.carolina.com/images/product/large/211772P.jpg,
Biotechnology,Biotech Kits,211383,DNALC PTC Taster: Using SNP to Predict Bitter Tasting Ability Kits,1,,https://www.carolina.com/biotechnology-kits/ptc-extraction-amplification-and-electrophoresis-kit-with-gelgreen-stain-and-0.2-ml-tubes-with-voucher/211383.pr,https://www.carolina.com/images/product/large/211383.jpg,
Biotechnology,Biotech Kits,211385,DNALC Using DNA Barcodes to Identify and Classify Living Things,1,,https://www.carolina.com/polymerase-chain-reaction/dna-barcode-amplification-kit-with-voucher/211385.pr,https://www.carolina.com/images/product/large/211385.jpg,
Biotechnology,Biotech Kits,211205,DNALC Forensic DNA Fingerprinting Kit,1,,https://www.carolina.com/dna-gel-electrophoresis/dnalc-forensic-dna-fingerprinting-kit-with-carolinablu-with-voucher/211205.pr,https://www.carolina.com/images/product/large/211205.jpg,
Biotechnology,Biotech Kits,211150,pClone: Exploring Promoters with Synthetic Biology,1,,https://www.carolina.com/gene-expression-advanced-topics/pclone-exploring-promoters-with-synthetic-biology-kit-with-voucher/211150.pr,https://www.carolina.com/images/product/large/211150P.jpg,
Biotechnology,Biotech Kits,173610,Investigating Cell Communication Kit,1,,https://www.carolina.com/biotechnology-kits/investigating-cell-communication-kit-with-voucher/173610.pr,https://www.carolina.com/images/product/large/173610_w.jpg,
Biotechnology,Biotech Kits,211392,Examining the RNAi Mechanism,1,,https://www.carolina.com/c-elegans-nematodes/examining-the-rnai-mechanism-kit-rnai-and-amplification-with-voucher/211392.pr,https://www.carolina.com/images/product/large/211392P.jpg,
Biotechnology,Biotech Kits,747907,Biotechnology: Bacterial Transformation Materials Kits for AP® Example Labs,1,,https://www.carolina.com/ap-biology-kits/transformation-materials-kit-with-voucher-for-ap-example-labs/747907.pr,https://www.carolina.com/images/product/large/747907.jpg,
Biotechnology,Biotech Kits,747908,Biotechnology: Restriction Enzymes Analysis of DNA Materials Kit for AP® Example Labs,1,,https://www.carolina.com/ap-biology-kits/biotechnology-restriction-enzymes-analysis-of-dna-materials-kit-for-ap-example-labs/747908.pr,https://www.carolina.com/images/product/large/747908.jpg,
Biotechnology,Biotech Kits,211248,ELISA Simulation Kit,1,,https://www.carolina.com/gene-expression-advanced-topics/elisa-simulation-kit-with-voucher/211248.pr,https://www.carolina.com/images/product/large/211248_BIT.jpg,
Biotechnology,Biotech Kits,214828EBK,How Do Polygenic Risk Scores Stack Up? Digital Resources,1,Call For Pricing,https://www.carolina.com/biotechnology-kits/how-do-polygenic-risk-scores-stack-up-digital-resources/214828EBK.pr,https://www.carolina.com/images/product/large/214828EBK.jpg,"Use this digital resource package with How Do Polygenic Risk Scores Stack Up? Kit (item #214828) or as a standalone set of resources. Digital resources may include: Setup, phenomena, or activity videos Student pre-lab activities Interactive digital lessons and simulations Digital teacher's manual Downloadable resources Activity supplies spreadsheet Printable student guide Access the resources in your classroom or assign them to your students via Carolina Science Online®. This 1-year subscription license is for an individual teaching up to 45 students. Multiple licenses may be required."
Biotechnology,Biotech Kits,216900EBK,CRISPR in a Box™ Digital Resources,1,Call For Pricing,https://www.carolina.com/biotechnology-kits/crispr-in-a-box-digital-resources/216900EBK.pr,https://www.carolina.com/images/product/large/216900_e.jpg,Product Details Use this digital resource package with the CRISPR in a Box™ kits (items #216900 and #216900P) or as a standalone set of resources. Additional materials are required to conduct the investigations. Access the resources in your classroom or assign them to your students via Carolina Science Online®. This 1-year subscription license is for an individual teaching up to 30 students. Multiple licenses may be required.
Biotechnology,Biotech Equipment & Labware-Electrophoresis Chambers,213664,Carolina® Gel Electrophoresis Chamber Extra Combs,1,,https://www.carolina.com/elecrophoresis-chambers/carolina-gel-electrophoresis-chamber-extra-12-well-comb/213664.pr,https://www.carolina.com/images/product/large/213664.jpg,
Biotechnology,Biotech Equipment & Labware-Electrophoresis Chambers,211157,Practice Gel Chamber,1,Call For Pricing,https://www.carolina.com/elecrophoresis-chambers/practice-gel-chamber/211157.pr,https://www.carolina.com/images/product/large/211157.jpg,"An essential accessory for the Practice Pipetting Stations Kit (item #211145), this Practice Gel Chamber holds the gel in place so your students can focus on learning correct pipetting technique."
Biotechnology,Biotech Equipment & Labware-Electrophoresis Chambers,213713,Carolina® Vertical Dual Gel Electrophoresis Chamber,1,Call For Pricing,https://www.carolina.com/elecrophoresis-chambers/carolina-vertical-dual-gel-electrophoresis-chamber/213713.pr,https://www.carolina.com/images/product/large/213713.jpg,"This high quality, leak-proof gel box is designed for teaching and research labs. Its sleek, safe design is reliable and easy to use. Use with Precast Polyacrylamide Gels (item #211375) or standard 8 x 10-cm gel cassettes or slightly taller. Purchase the transfer apparatus (item #213714) separately for a complete western blotting transfer system."
Biotechnology,Biotech Equipment & Labware-Electrophoresis Chambers,213714,Carolina® Electrophoresis and Protein Western Blot System,1,Call For Pricing,https://www.carolina.com/elecrophoresis-chambers/carolina-electrophoresis-and-protein-western-blot-system/213714.pr,https://www.carolina.com/images/product/large/213714_w.jpg,"This system includes a Carolina® Vertical Dual Gel Electrophoresis Chamber (item #213713) plus western blot/nucleic acid transfer apparatus. The high quality, leak-proof gel box features a sleek, safe design that is reliable and easy to use. The blot apparatus accommodates 2 gel holder cassettes for western or nucleic acid transfer."
Biotechnology,Biotech Equipment & Labware-Electrophoresis Chambers,213710,Carolina® Deluxe Gel Electrophoresis Chamber,1,Call For Pricing,https://www.carolina.com/elecrophoresis-chambers/carolina-deluxe-gel-electrophoresis-chamber/213710.pr,https://www.carolina.com/images/product/large/213710_w.jpg,"Product Details The Carolina® Deluxe Gel Electrophoresis Chamber provides the same excellent performance, safety, and durability as our Carolina® Gel Electrophoresis Chamber (item #213668) with the enhanced feature of gaskets at the ends of its gel trays to eliminate the need for tape when pouring trays. Simply turn the gel sideways in the gel chamber to cast the gel. Product Features Includes 1 non-warping tray with gaskets at each end that makes a gel 3-1/4"" W x 3-3/4"" L without the need for tape Center tray notches and two 8-well combs (included) offer the option of running 16 samples per gel Run 32 samples at 1 time using Carolina® Stackable Casting Trays (item #213655) Safety interlock lid prevents operation unless lid is securely in place Durable 1/4"" acrylic construction Wires made of high-purity platinum Compatible with most power supplies Easy to use and includes instructions for operation"
Biotechnology,Biotech Equipment & Labware-Electrophoresis Chambers,213654,Carolina® Gel Electrophoresis Chamber Set,1,Call For Pricing,https://www.carolina.com/elecrophoresis-chambers/carolina-gel-electrophoresis-chamber-set/213654.pr,https://www.carolina.com/images/product/large/213654_w.jpg,"Product Details The Carolina® Gel Electrophoresis Chamber provides excellent performance, safety, and durability. This unit is the same as our Carolina® Gel Electrophoresis Chamber (item #213668) except it comes with 2 stackable gel trays and 4 combs to give you the option of running 2 gels at once in the same chamber. Simply load the first gel as you would when running 1 gel, then place the second casting tray on top of it, add additional buffer, and load the second gel. Product Features Includes 2 non-warping trays that each make a gel 3-1/4"" W x 3-3/4"" L Center tray notches and four 8-well combs (included) offer the option of running 16 samples per gel Run 32 samples at 1 time using the 2 included Carolina® Stackable Casting Trays (item #213655) Safety interlock lid prevents operation unless lid is securely in place Durable 1/4"" acrylic construction Wires made of high-purity platinum Compatible with most power supplies Easy to use and includes instructions for operation"
Biotechnology,Biotech Equipment & Labware-Electrophoresis Chambers,213669,Multi-Gel Precasting System,1,Call For Pricing,https://www.carolina.com/elecrophoresis-chambers/multi-gel-precasting-system/213669.pr,https://www.carolina.com/images/product/large/213669_bit.jpg,"Enables prelab preparation of 6 agarose gels. Reduces class time for pouring individual gels and ensures consistent standards for students. Gel size is designed to fit the casting tray of our Carolina® Gel Electrophoresis Chamber (item #213668). Gels can be cast, stored in TBE buffer, and refrigerated for later use. A gel scoop for easy removal and six 8-tooth combs are included (comb is 1 mm thick; comb tooth is 7 mm W). Dimensions: unit, 15-3/4 x 7-1/2""; gel compartment, 3-3/4 x 3-1/4""."
Biotechnology,Biotech Equipment & Labware-Electrophoresis Chambers,213626,Triple-Row Comb,1,Call For Pricing,https://www.carolina.com/elecrophoresis-chambers/triple-row-comb/213626.pr,https://www.carolina.com/images/product/large/213626.jpg,This unique comb is designed for making your own practice pipetting station plates (petri plate and agar not included).
Biotechnology,Biotech Equipment & Labware-Electrophoresis Chambers,213655,Carolina® Stackable Casting Trays Set,1,Call For Pricing,https://www.carolina.com/elecrophoresis-chambers/carolina-stackable-casting-trays/213655.pr,https://www.carolina.com/images/product/large/213655_bit.jpg,"Product Details Double the capacity of the Carolina® Gel Electrophoresis Chamber (item #213668). Set includes 2 heavy, nonwarping trays plus four 8-well combs. Simply place the first casting tray in the gel box, add buffer, and load gel wells. Next, place second casting tray on top of the first, add additional buffer, and load second gel. Running both casting trays at once, each with 2 combs, gives the capacity of 32 samples in 1 gel box. Product Features Includes 2 heavy, nonwarping trays plus four 8-well combs Tray dimensions: side wall, 18 mm high; base, 5 mm thick; tray length, 97 mm; tray width, 95 mm Compatible with Carolina® Gel Electrophoresis Chambers (items #213668 and #213654) and Carolina® Deluxe Gel Electrophoresis Chamber (item #213710) Note: Not compatible with Carolina® NG Electrophoresis Chamber (item #213641)."
Biotechnology,Biotech Equipment & Labware-Electrophoresis Chambers,213649,Carolina® Electrophoresis Chamber Replacement Parts,1,,https://www.carolina.com/elecrophoresis-chambers/carolina-replacement-gel-electrophoresis-chamber/213649.pr,https://www.carolina.com/images/product/large/213649.jpg,
Biotechnology,Biotech Equipment & Labware-Electrophoresis Chambers,213668,Carolina® Gel Electrophoresis Chamber,1,Call For Pricing,https://www.carolina.com/elecrophoresis-chambers/carolina-gel-electrophoresis-chamber-complete-unit/213668.pr,https://www.carolina.com/images/product/large/213668_w.jpg,"Product Details The Carolina® Gel Electrophoresis Chamber provides excellent performance, safety, and durability. Product Features Includes 1 non-warping tray that makes a gel 3-1/4"" W x 3-3/4"" L Center tray notches and two 8-well combs (included) offer the option of running 16 samples per gel Safety interlock lid prevents operation unless lid is securely in place Durable 1/4"" acrylic construction Wires made of high-purity platinum Compatible with most power supplies Easy to use and includes instructions for operation Expand your use of the Carolina® Gel Electrophoresis Chamber with available add-ons. Carolina® Stackable Casting Trays (item #213655) let you run 32 samples at 1 time. The Multi-Gel Precasting System (item #213669) lets you simultaneously cast 8 gels designed to fit the Carolina® Gel Electrophoresis Chamber casting tray."
Biotechnology,Biotech Equipment & Labware-Electrophoresis Chambers,213900,blueGel™ Integrated Electrophoresis and Visualization System,1,,https://www.carolina.com/elecrophoresis-chambers/bluegel-integrated-electrophoresis-and-visualization-system-us-plug/213900.pr,https://www.carolina.com/images/product/large/213900_w.jpg,
Biotechnology,Biotech Equipment & Labware-Electrophoresis Chambers,211012,Exploring Electrophoresis and Forensics Kit,1,,https://www.carolina.com/dna-extraction-quantification/exploring-electrophoresis-and-forensics-demo-kit/211012.pr,https://www.carolina.com/images/product/large/211012_w.jpg,
Biotechnology,Biotech Equipment & Labware-Electrophoresis Chambers,212245,Exploring Electrophoresis and Forensics How-To DVD,1,Call For Pricing,https://www.carolina.com/dna-extraction-quantification/exploring-electrophoresis-and-forensics-how-to-dvd/212245.pr,https://www.carolina.com/images/product/large/211014_w.jpg,"This technically simple experiment simulates the use of DNA in forensic investigations. Students cast agarose gels, load predigested DNA, and perform electrophoresis. They use the banding patterns of the DNA in the gel to compare the DNA fingerprints of 2 suspects with evidence and victim DNA. This How-To DVD features an experienced teacher who takes you step-by-step through the necessary preparations, performance, and teaching points for this lab."
Biotechnology,Biotech Equipment & Labware-Electrophoresis Chambers,213641RT,"Carolina® NG Electrophoresis Chamber Trays, Pair",1,Call For Pricing,https://www.carolina.com/elecrophoresis-chambers/carolina-ng-electrophoresis-chamber-trays-pair/213641RT.pr,https://www.carolina.com/images/product/large/213641RT.jpg,Compatible with the Carolina® NG Electrophoresis Chamber (item #213641). Note: These stackable chamber trays are NOT compatible with Carolina® Gel Electrophoresis Chambers (items #213668 and #213654) or Carolina® Deluxe Gel Electrophoresis Chamber (item #213710).
Biotechnology,Biotech Equipment & Labware-Electrophoresis Chambers,213641RU,Carolina® NG Electrophoresis Chamber Replacement Lid,1,Call For Pricing,https://www.carolina.com/elecrophoresis-chambers/carolina-ng-electrophoresis-chamber-replacement-lid/213641RU.pr,https://www.carolina.com/images/product/large/213641RU.jpg,"Compatible with the Carolina® NG Electrophoresis Chamber (item #213641). Note: This replacement lid is NOT compatible with Carolina® Gel Electrophoresis Chambers (items #213668 and #213654) or Carolina® Deluxe Gel Electrophoresis Chamber (item #213710). For a lid compatible with those models, see the Carolina® Replacement Gel Electrophoresis Chamber Lid (without leads) (item #213648)."
Biotechnology,Biotech Equipment & Labware-Electrophoresis Chambers,211014E,Exploring Electrophoresis and Forensics Bulk DNA,1,,https://www.carolina.com/biotechnology-plasmid-lambda-dna/bulk-evidence-dna-for-exploring-electrophoresis-and-forensics-kit-per-ml/211014E.pr,https://www.carolina.com/images/product/large/211014_bit_alt1.jpg,
Biotechnology,Biotech Equipment & Labware-Electrophoresis Chambers-Biotech Equipment Packages,213742,Carolina® GelView System,1,,https://www.carolina.com/biotechnology-imaging-systems/carolina-gelview-system/213742.pr,https://www.carolina.com/images/product/large/213742_w.jpg,
Biotechnology,Biotech Equipment & Labware-Electrophoresis Chambers-Biotech Equipment Packages,213621,"Carolina® Electrophoresis and Visualization Lab Station Equipment Package, 110 V",1,Call For Pricing,https://www.carolina.com/biotechnology-equipment-packages/carolina-electrophoresis-and-visualization-lab-station-equipment-package-110-v/213621.pr,https://www.carolina.com/images/product/large/213621_w.jpg,"Perfect for use in AP® Biology and the ABC Technologies CORD curriculum! This updated package contains enough quality equipment to run 12 gels at a time, and now includes our redesigned, easy to use Carolina® Laboratory Pipettors for sample loading. Not an expert in molecular biology? Not a problem. The package also includes DNA Science: A First Course, a lab manual with complete instructions on basic molecular techniques for educators trained in science but lacking a background in molecular biology. Save time using preselected materials Run 12 gels simultaneously Use mobile phones and smart devices to document gels AP® is a trademark registered and/or owned by the College Board®, which was not involved in the production of, and does not endorse, these products."
Biotechnology,Biotech Equipment & Labware-Electrophoresis Chambers-Biotech Equipment Packages,213603,"Carolina® Electrophoresis Lab Station Equipment Package, 110 V",1,Call For Pricing,https://www.carolina.com/biotechnology-equipment-packages/carolina-electrophoresis-lab-station-equipment-package-110-v/213603.pr,https://www.carolina.com/images/product/large/213603_w.jpg,"Entry level equipment that doesn’t sacrifice quality or features This package is the right choice for introductory and advanced biotechnology activities that involve electrophoresis and micropipetting. It includes our compact, powerful Dual200 power supply that can run 2 gels simultaneously with a maximum output of 200 V; our next generation electrophoresis chambers; and redesigned micropipets."
Biotechnology,Biotech Equipment & Labware-Electrophoresis Chambers-Biotech Equipment Packages,213600,"Carolina® Separation Station I Electrophoresis Equipment Package, 110-V and 220-V",1,,https://www.carolina.com/biotechnology-equipment-packages/carolina-separation-station-i-electrophoresis-equipment-package-110-v/213600.pr,https://www.carolina.com/images/product/large/213600.jpg,
Biotechnology,Biotech Equipment & Labware-Electrophoresis Chambers-Biotech Equipment Packages,213602,"Carolina® Separation Station II Electrophoresis Equipment Package, 110-V and 220-V",1,,https://www.carolina.com/biotechnology-equipment-packages/carolina-separation-station-ii-electrophoresis-equipment-package-110-v/213602.pr,https://www.carolina.com/images/product/large/213602_w.jpg,
