Flinn_product_category,Flinn_product_sub_category,Flinn_product_id,Flinn_product_name,Flinn_product_quantity,Flinn_product_price,Flinn_product_url,Flinn_image_url,Wardsci_product_category,Wardsci_product_sub_category,Wardsci_product_id,Wardsci_product_name,Wardsci_product_quantity,Wardsci_product_price,Wardsci_product_url,Wardsci_image_url,Match_Score
Technology,3D Printers,AP9914,Emblaser 2 Laser Cutter and Engraver,1,$3345.26,https://www.flinnsci.com/emblaser-2-laser-cutter-and-engraver/ap9914/,https://www.flinnsci.com/globalassets/flinn-scientific/all-product-images-rgb-jpegs/ap9914_1.jpg?format=webp&height=880&upscale=false,,,,No good match found (Low match score),,,,,0
Technology,3D Printers,WAPPLAAL,"PLA Specialty Filament, Aluminum",1,$29.98,https://www.flinnsci.com/pla-specialty-filament-aluminum/wapplaal/,https://www.flinnsci.com/globalassets/flinn-scientific/all-product-images-rgb-jpegs/wap_pla.alum.jpg?format=webp&height=880&upscale=false,,,,No good match found (Low match score),,,,,0
Technology,3D Printers,WAPPLACPR,"PLA Specialty Filament, Copper",1,$29.98,https://www.flinnsci.com/pla-specialty-filament-copper/wapplacpr/,https://www.flinnsci.com/globalassets/flinn-scientific/all-product-images-rgb-jpegs/wap_pla.copper.jpg?format=webp&height=880&upscale=false,,,,No good match found (Low match score),,,,,0
Technology,3D Printers,WAPABSNAT,"ABS Premium Filament, White",1,$67.76,https://www.flinnsci.com/abs-premium-filament-white/wapabsnat/,https://www.flinnsci.com/globalassets/flinn-scientific/all-product-images-rgb-jpegs/wap_absnat.jpg?format=webp&height=880&upscale=false,,,,No good match found (Low match score),,,,,0
Technology,3D Printers,WAPABSYLW,"ABS Premium Filament, Yellow",1,$67.76,https://www.flinnsci.com/abs-premium-filament-yellow/wapabsylw/,https://www.flinnsci.com/globalassets/flinn-scientific/all-product-images-rgb-jpegs/wap_absyellow.jpg?format=webp&height=880&upscale=false,,,,No good match found (Low match score),,,,,0
Technology,3D Printers,WAPABSGRN,"ABS Premium Filament, Green",1,$67.76,https://www.flinnsci.com/abs-premium-filament-green/wapabsgrn/,https://www.flinnsci.com/globalassets/flinn-scientific/all-product-images-rgb-jpegs/wap_absgreen.jpg?format=webp&height=880&upscale=false,,,,No good match found (Low match score),,,,,0
Technology,3D Printers,WAPABSRED,"ABS Premium Filament, Red",1,$67.76,https://www.flinnsci.com/abs-premium-filament-red/wapabsred/,https://www.flinnsci.com/globalassets/flinn-scientific/all-product-images-rgb-jpegs/wap_absred.jpg?format=webp&height=880&upscale=false,,,,No good match found (Low match score),,,,,0
Technology,3D Printers,WAPABSBLA,"ABS Premium Filament, Black",1,$67.76,https://www.flinnsci.com/abs-premium-filament-black/wapabsbla/,https://www.flinnsci.com/globalassets/flinn-scientific/all-product-images-rgb-jpegs/wap_absblack.jpg?format=webp&height=880&upscale=false,,,,No good match found (Low match score),,,,,0
Technology,3D Printers,WAPABSBLU,"ABS Premium Filament, Blue",1,$67.76,https://www.flinnsci.com/abs-premium-filament-blue/wapabsblu/,https://www.flinnsci.com/globalassets/flinn-scientific/all-product-images-rgb-jpegs/wap_absblue.jpg?format=webp&height=880&upscale=false,,,,No good match found (Low match score),,,,,0
Technology,3D Printers,AP9425,3Doodler® DoodlePad,1,$11.22,https://www.flinnsci.com/3doodler-doodlepad/ap9425/,https://www.flinnsci.com/globalassets/flinn-scientific/all-product-images-rgb-jpegs/ap9425.jpg?format=webp&height=880&upscale=false,,,,No good match found (Low match score),,,,,0
Technology,3D Printers,AP9424,3Doodler® Foot Pedal,1,$21.58,https://www.flinnsci.com/3doodler-foot-pedal/ap9424/,https://www.flinnsci.com/globalassets/flinn-scientific/all-product-images-rgb-jpegs/ap9424.jpg?format=webp&height=880&upscale=false,,,,No good match found (Low match score),,,,,0
Technology,Books & Review Materials,AP9887,Cardboard VR Headset,1,$9.22,https://www.flinnsci.com/cardboard-vr-headset/ap9887/,https://www.flinnsci.com/globalassets/flinn-scientific/all-product-images-rgb-jpegs/ap9887.jpg?format=webp&height=880&upscale=false,,,,No good match found (Low match score),,,,,0
Technology,Books & Review Materials,AP9886,VR Headset,1,$12.72,https://www.flinnsci.com/vr-headset/ap9886/,https://www.flinnsci.com/globalassets/flinn-scientific/all-product-images-rgb-jpegs/ap9886.jpg?format=webp&height=880&upscale=false,,,,No good match found (Low match score),,,,,0
Technology,Books & Review Materials,TC1574,Investigating Environmental Science through Inquiry,1,$61.51,https://www.flinnsci.com/investigating-environmental-science-through-inquiry/tc1574/,https://www.flinnsci.com/globalassets/flinn-scientific/all-product-images-rgb-jpegs/tc1574.jpg?format=webp&height=880&upscale=false,,,,No good match found (Low match score),,,,,0
Technology,Books & Review Materials,TC1563,Investigating Biology Through Inquiry,1,$64.64,https://www.flinnsci.com/investigating-biology-through-inquiry/tc1563/,https://www.flinnsci.com/globalassets/flinn-scientific/all-product-images-rgb-jpegs/tc1563.jpg?format=webp&height=880&upscale=false,,,,No good match found (Low match score),,,,,0
Technology,Books & Review Materials,TC1331,Physics with Vernier,1,$61.51,https://www.flinnsci.com/physics-with-vernier-manual/tc1331/,https://www.flinnsci.com/globalassets/flinn-scientific/all-product-images-rgb-jpegs/tc1331.jpg?format=webp&height=880&upscale=false,,,,No good match found (Low match score),,,,,0
Technology,Books & Review Materials,TC1323,Physical Science with Vernier,1,$58.55,https://www.flinnsci.com/physical-science-with-vernier-manual/tc1323/,https://www.flinnsci.com/globalassets/flinn-scientific/all-product-images-rgb-jpegs/tc1323.jpg?format=webp&height=880&upscale=false,,,,No good match found (Low match score),,,,,0
Technology,Books & Review Materials,TC1313,Biology with Vernier,1,$64.64,https://www.flinnsci.com/biology-with-vernier-manual/tc1313/,https://www.flinnsci.com/globalassets/flinn-scientific/all-product-images-rgb-jpegs/tc1313.jpg?format=webp&height=880&upscale=false,,,,No good match found (Low match score),,,,,0
Technology,Books & Review Materials,TC1567,Investigating Chemistry Through Inquiry,1,$60.52,https://www.flinnsci.com/investigating-chemistry-through-inquiry/tc1567/,https://www.flinnsci.com/globalassets/flinn-scientific/all-product-images-rgb-jpegs/tc1567.jpg?format=webp&height=880&upscale=false,,,,No good match found (Low match score),,,,,0
Technology,Books & Review Materials,TC1303,Chemistry with Vernier,1,$60.52,https://www.flinnsci.com/chemistry-with-vernier-lab-manual/tc1303/,https://www.flinnsci.com/globalassets/flinn-scientific/all-product-images-rgb-jpegs/tc1303.jpg?format=webp&height=880&upscale=false,,,,No good match found (Low match score),,,,,0
Technology,Books & Review Materials,AP6597,Advanced Chemistry with Vernier,1,$58.72,https://www.flinnsci.com/advanced-chemistry-using-technology/ap6597/,https://www.flinnsci.com/globalassets/flinn-scientific/all-product-images-rgb-jpegs/ap6597.jpg?format=webp&height=880&upscale=false,,,,No good match found (Low match score),,,,,0
Technology,Calculators,TC2325,Calculator-Based Ranger™ 2,1,$163.71,https://www.flinnsci.com/calculator-based-ranger-2/tc2325/,https://www.flinnsci.com/globalassets/flinn-scientific/all-product-images-rgb-jpegs/tc2325.jpg?format=webp&height=880&upscale=false,,,,No good match found (Low match score),,,,,0
Technology,Calculators,TC2507,Biology with CBL Starter Kit,1,$289.00,https://www.flinnsci.com/biology-with-cbl-starter-kit/tc2507/,https://www.flinnsci.com/globalassets/flinn-scientific/all-product-images-rgb-jpegs/tc2507.jpg?format=webp&height=880&upscale=false,,,,No good match found (Low match score),,,,,0
Technology,Calculators,TC2306,TI-83 Graphing Calculator,1,$187.65,https://www.flinnsci.com/ti-83-graphing-calculator/tc2306/,https://www.flinnsci.com/globalassets/flinn-scientific/all-product-images-rgb-jpegs/tc2306.jpg?format=webp&height=880&upscale=false,Lab Equipment and Supplies,Measurement,470349-968,"TI-83 Plus Graphing Calculator, -",1.0,$169.99,https://www.wardsci.com/store/product/8890622/ti-83-plus-graphing-calculator,https://www.wardsci.com/stibo/smallweb/std.lang.all/80/71/42338071.jpg,0.8634096384048462
Technology,Calculators,TC1525,CBL-2,1,$286.23,https://www.flinnsci.com/cbl-2/tc1525/,https://www.flinnsci.com/globalassets/flinn-scientific/all-product-images-rgb-jpegs/tc1525.jpg?format=webp&height=880&upscale=false,,,,No good match found (Low match score),,,,,0
Technology,Calculators,TC1600,"TI-84 Plus CE Graphing Calculator, Classroom Package",1,$2396.08,https://www.flinnsci.com/ti-84-plus-ce-graphing-calculator-classroom-package/tc1600/,https://www.flinnsci.com/globalassets/flinn-scientific/all-product-images-rgb-jpegs/tc1599etc.jpg?format=webp&height=880&upscale=false,,,,No good match found (Low match score),,,,,0
Technology,Calculators,TC1599,TI-84 Plus CE Graphing Calculator,1,$254.39,https://www.flinnsci.com/ti-84-plus-ce-graphing-calculator/tc1599/,https://www.flinnsci.com/globalassets/flinn-scientific/all-product-images-rgb-jpegs/tc1599etc.jpg?format=webp&height=880&upscale=false,,,,No good match found (Low match score),,,,,0
Technology,Calculators,TC1560,TI-Nspire™ Graphing Calculator,1,$221.00,https://www.flinnsci.com/ti-nspire-graphing-calculator/tc1560/,https://www.flinnsci.com/globalassets/flinn-scientific/all-product-images-rgb-jpegs/tc1560etc.jpg?format=webp&height=880&upscale=false,Technology,Vernier - Vernier Accessories,470017-138,"Vernier EasyLink® Interface, EZ-LINK",1.0,$78.99,https://www.wardsci.com/store/product/8872840/vernier-easylink-interface,https://www.wardsci.com/stibo/smallweb/std.lang.all/17/96/10241796.jpg,0.7239042520523071
Technology,Document Cameras,AP7641,Document Camera,1,$1459.50,https://www.flinnsci.com/document-camera/ap7641/,https://www.flinnsci.com/globalassets/flinn-scientific/all-product-images-rgb-jpegs/ap7641_new_1.jpg?format=webp&height=880&upscale=false,,,,No good match found (Low match score),,,,,0
Technology,Forces & Equilibrium,TC1516,Dual-Range Force Sensor,1,$147.93,https://www.flinnsci.com/dual-range-force-sensor/tc1516/,https://www.flinnsci.com/globalassets/flinn-scientific/all-product-images-rgb-jpegs/tc1516.jpg?format=webp&height=880&upscale=false,,,,No good match found (Low match score),,,,,0
Technology,Interface Systems & Software,TC1646,LabQuest® 3 Interface,1,$450.00,https://www.flinnsci.com/labquest-3-interface/tc1646/,https://www.flinnsci.com/globalassets/flinn-scientific/all-product-images-rgb-jpegs/tc1646_1.jpg?format=webp&height=880&upscale=false,,,,No good match found (Low match score),,,,,0
Technology,Interface Systems & Software,TC1421,Logger Pro® 3,1,$338.81,https://www.flinnsci.com/logger-pro-3/tc1421/,https://www.flinnsci.com/globalassets/flinn-scientific/all-product-images-rgb-jpegs/tc1421.jpg?format=webp&height=880&upscale=false,,,,No good match found (Low match score),,,,,0
Technology,Interface Systems & Software,TC1559,LabQuest™ Mini,1,$210.00,https://www.flinnsci.com/labquest-mini/tc1559/,https://www.flinnsci.com/globalassets/flinn-scientific/all-product-images-rgb-jpegs/tc1559.jpg?format=webp&height=880&upscale=false,Technology,Vernier - Vernier Accessories,470225-078,"Vernier Physics LabQuest® Mini Standard Package, LM-PHY-DX",1.0,"$1,082.99",https://www.wardsci.com/store/product/42472512/vernier-physics-labquest-mini-standard-package,nan,0.7165667414665222
Technology,Interface Systems & Software,TC1549,Go! Link,1,$79.57,https://www.flinnsci.com/go-link/tc1549/,https://www.flinnsci.com/globalassets/flinn-scientific/all-product-images-rgb-jpegs/tc1549.jpg?format=webp&height=880&upscale=false,,,,No good match found (Low match score),,,,,0
Technology,Motion,TC1520,3-Axis Accelerometer,1,$124.06,https://www.flinnsci.com/3-axis-accelerometer/tc1520/,https://www.flinnsci.com/globalassets/flinn-scientific/all-product-images-rgb-jpegs/tc1520.jpg?format=webp&height=880&upscale=false,,,,No good match found (Low match score),,,,,0
Technology,Motion,TC1519,Low-g Accelerometer,1,$122.16,https://www.flinnsci.com/low-g-accelerometer/tc1519/,https://www.flinnsci.com/globalassets/flinn-scientific/all-product-images-rgb-jpegs/tc1519.jpg?format=webp&height=880&upscale=false,,,,No good match found (Low match score),,,,,0
Technology,Motion,TC1546,Picket Fence,1,$13.03,https://www.flinnsci.com/picket-fence/tc1546/,https://www.flinnsci.com/globalassets/flinn-scientific/all-product-images-rgb-jpegs/tc1546.jpg?format=webp&height=880&upscale=false,,,,No good match found (Low match score),,,,,0
Technology,Motion,TC1518,Accelerometer,1,$121.03,https://www.flinnsci.com/accelerometer/tc1518/,https://www.flinnsci.com/globalassets/flinn-scientific/all-product-images-rgb-jpegs/tc1518.jpg?format=webp&height=880&upscale=false,,,,No good match found (Low match score),,,,,0
Technology,Motion,TC1517,Vernier Photogate,1,$58.84,https://www.flinnsci.com/vernier-photogate/tc1517/,https://www.flinnsci.com/globalassets/flinn-scientific/all-product-images-rgb-jpegs/tc1517.jpg?format=webp&height=880&upscale=false,,,,No good match found (Low match score),,,,,0
Technology,Motion,AP7009,"Threaded Support Rods for Photogate, Pkg. of 2",2,$12.72,https://www.flinnsci.com/threaded-support-rods-for-photogate-pkg.-of-2/ap7009/,https://www.flinnsci.com/globalassets/flinn-scientific/all-product-images-rgb-jpegs/ap7009.jpg?format=webp&height=880&upscale=false,,,,No good match found (Low match score),,,,,0
Technology,Motion,AP6998,PSWorks™ Photogate Timer,1,$410.00,https://www.flinnsci.com/psworks-photogate-timer/ap6998/,https://www.flinnsci.com/globalassets/flinn-scientific/all-product-images-rgb-jpegs/ap6998etc.jpg?format=webp&height=880&upscale=false,,,,No good match found (Low match score),,,,,0
Technology,Sensors,TC1686,PASCO Basic Smart Cart PAStrack System,1,$615.00,https://www.flinnsci.com/pasco-basic-smart-cart-pastrack-system/tc1686/,https://www.flinnsci.com/globalassets/flinn-scientific/all-product-images-rgb-jpegs/tc1686_1.jpg?format=webp&height=880&upscale=false,,,,No good match found (Low match score),,,,,0
Technology,Sensors,TC1684,PASCO Wireless Soil Moisture Sensor,1,$165.00,https://www.flinnsci.com/pasco-wireless-soil-moisture-sensor/tc1684/,https://www.flinnsci.com/globalassets/flinn-scientific/all-product-images-rgb-jpegs/tc1684_1.jpg?format=webp&height=880&upscale=false,,,,No good match found (Low match score),,,,,0
Technology,Sensors,TC1682,PASCO Wireless Light and Color Sensor,1,$115.00,https://www.flinnsci.com/pasco-wireless-light-and-color-sensor/tc1682/,https://www.flinnsci.com/globalassets/flinn-scientific/all-product-images-rgb-jpegs/tc1682_1.jpg?format=webp&height=880&upscale=false,,,,No good match found (Low match score),,,,,0
Technology,Sensors,TC1675,PASCO Smart Cart Charging Garage,1,$159.00,https://www.flinnsci.com/pasco-smart-cart-charging-garage/tc1675/,https://www.flinnsci.com/globalassets/flinn-scientific/all-product-images-rgb-jpegs/tc1675_1.jpg?format=webp&height=880&upscale=false,,,,No good match found (Low match score),,,,,0
Technology,Sensors,TC1674,PASCO Smart Cart (Blue),1,$229.00,https://www.flinnsci.com/pasco-smart-cart-blue/tc1674/,https://www.flinnsci.com/globalassets/flinn-scientific/all-product-images-rgb-jpegs/tc1674_1.jpg?format=webp&height=880&upscale=false,,,,No good match found (Low match score),,,,,0
Technology,Sensors,TC1673,PASCO Smart Cart (Red),1,$229.00,https://www.flinnsci.com/pasco-smart-cart-red/tc1673/,https://www.flinnsci.com/globalassets/flinn-scientific/all-product-images-rgb-jpegs/tc1673_1.jpg?format=webp&height=880&upscale=false,,,,No good match found (Low match score),,,,,0
