Flinn_product_category,Flinn_product_sub_category,Flinn_product_id,Flinn_product_name,Flinn_product_quantity,Flinn_product_price,Flinn_product_url,Flinn_image_url,Nasco_product_category,Nasco_product_sub_category,Nasco_product_id,Nasco_product_name,Nasco_product_quantity,Nasco_product_price,Nasco_product_url,Nasco_image_url,Nasco_Match_Score
Technology,Calculators,TC1525,CBL-2,1,$286.23,https://www.flinnsci.com/cbl-2/tc1525/,https://www.flinnsci.com/globalassets/flinn-scientific/all-product-images-rgb-jpegs/tc1525.jpg?format=webp&height=880&upscale=false,,,,No good match found (Low match score),,,,,0
Technology,Interface Systems & Software,TC1646,LabQuest® 3 Interface,1,$450.00,https://www.flinnsci.com/labquest-3-interface/tc1646/,https://www.flinnsci.com/globalassets/flinn-scientific/all-product-images-rgb-jpegs/tc1646_1.jpg?format=webp&height=880&upscale=false,,,,No good match found (Low match score),,,,,0
Technology,Sensors,TC1593,Polarimeter,1,$599.44,https://www.flinnsci.com/polarimeter/tc1593/,https://www.flinnsci.com/globalassets/flinn-scientific/all-product-images-rgb-jpegs/tc1593.jpg?format=webp&height=880&upscale=false,,,,No good match found (Low match score),,,,,0
Technology,Sensors,TC1504,Colorimeter,1,$139.00,https://www.flinnsci.com/colorimeter/tc1504/,https://www.flinnsci.com/globalassets/flinn-scientific/all-product-images-rgb-jpegs/tc1504.jpg?format=webp&height=880&upscale=false,,,,No good match found (Low match score),,,,,0
Technology,Sensors,TC1523,Thermocouple,1,$84.44,https://www.flinnsci.com/thermocouple/tc1523/,https://www.flinnsci.com/globalassets/flinn-scientific/all-product-images-rgb-jpegs/tc1523.jpg?format=webp&height=880&upscale=false,,,,No good match found (Low match score),,,,,0
STEM Education,WhiteBox Learning,WGC-D1,Diode,1,$0.26,https://www.flinnsci.com/diode/wgc-d1/,https://www.flinnsci.com/globalassets/flinn-scientific/all-product-images-rgb-jpegs/wgc-d1.jpg?format=webp&height=880&upscale=false,,,,No good match found (Low match score),,,,,0
Clearance Items,NA,AP10004,MagLab MagPette,1,$16.85,https://www.flinnsci.com/maglab-magpette/ap10004/,https://www.flinnsci.com/globalassets/flinn-scientific/all-product-images-rgb-jpegs/ap10004_1.jpg?format=webp&height=880&upscale=false,,,,No good match found (Low match score),,,,,0
Clearance Items,NA,B0185,"Butyl Phthalate, 500 mL",1,$27.75,https://www.flinnsci.com/butyl-phthalate-500-ml/b0185/,https://www.flinnsci.com/globalassets/flinn-scientific/all-product-images-rgb-jpegs/b0185_e.jpg?format=webp&height=880&upscale=false,,,,No good match found (Low match score),,,,,0
Apparatus,Consumable Supplies,GP7059,"Serological Pipet, 10 mL",1,$1.00,https://www.flinnsci.com/serological-pipet-10-ml/gp7059/,https://www.flinnsci.com/globalassets/flinn-scientific/all-product-images-rgb-jpegs/gp7056etc.jpg?format=webp&height=880&upscale=false,,,,No good match found (Low match score),,,,,0
Apparatus,Consumable Supplies,GP7058,"Serological Pipet, 5 mL",1,$0.87,https://www.flinnsci.com/serological-pipet-5-ml/gp7058/,https://www.flinnsci.com/globalassets/flinn-scientific/all-product-images-rgb-jpegs/gp7056etc.jpg?format=webp&height=880&upscale=false,,,,No good match found (Low match score),,,,,0
Apparatus,Consumable Supplies,GP7057,"Serological Pipet, 2 mL",1,$0.60,https://www.flinnsci.com/serological-pipet-2-ml/gp7057/,https://www.flinnsci.com/globalassets/flinn-scientific/all-product-images-rgb-jpegs/gp7056etc.jpg?format=webp&height=880&upscale=false,,,,No good match found (Low match score),,,,,0
Apparatus,Consumable Supplies,GP7056,"Serological Pipet, 1 mL",1,$0.56,https://www.flinnsci.com/serological-pipet-1-ml/gp7056/,https://www.flinnsci.com/globalassets/flinn-scientific/all-product-images-rgb-jpegs/gp7056etc.jpg?format=webp&height=880&upscale=false,,,,No good match found (Low match score),,,,,0
Apparatus,Consumable Supplies,GP7025,"Mohr Pipet, 25 mL",1,$22.12,https://www.flinnsci.com/mohr-pipet-25-ml/gp7025/,https://www.flinnsci.com/globalassets/flinn-scientific/all-product-images-rgb-jpegs/gp7005etc.jpg?format=webp&height=880&upscale=false,,,,No good match found (Low match score),,,,,0
Apparatus,Consumable Supplies,GP7020,"Mohr Pipet, 10 mL",1,$15.18,https://www.flinnsci.com/mohr-pipet-10-ml/gp7020/,https://www.flinnsci.com/globalassets/flinn-scientific/all-product-images-rgb-jpegs/gp7005etc.jpg?format=webp&height=880&upscale=false,,,,No good match found (Low match score),,,,,0
Apparatus,Consumable Supplies,GP7015,"Mohr Pipet, 5 mL",1,$12.74,https://www.flinnsci.com/mohr-pipet-5-ml/gp7015/,https://www.flinnsci.com/globalassets/flinn-scientific/all-product-images-rgb-jpegs/gp7005etc.jpg?format=webp&height=880&upscale=false,,,,No good match found (Low match score),,,,,0
Apparatus,Consumable Supplies,GP7010,"Mohr Pipet, 2 mL",1,$11.66,https://www.flinnsci.com/mohr-pipet-2-ml/gp7010/,https://www.flinnsci.com/globalassets/flinn-scientific/all-product-images-rgb-jpegs/gp7005etc.jpg?format=webp&height=880&upscale=false,,,,No good match found (Low match score),,,,,0
Apparatus,Consumable Supplies,GP7005,"Mohr Pipet, 1 mL",1,$10.77,https://www.flinnsci.com/mohr-pipet-1-ml/gp7005/,https://www.flinnsci.com/globalassets/flinn-scientific/all-product-images-rgb-jpegs/gp7005etc.jpg?format=webp&height=880&upscale=false,,,,No good match found (Low match score),,,,,0
Apparatus,Glassware & Plasticware,AP9668,"Soxhlet Extractor, 500 mL",1,$395.20,https://www.flinnsci.com/soxhlet-extractor-500-ml/ap9668/,https://www.flinnsci.com/globalassets/flinn-scientific/all-product-images-rgb-jpegs/ap9666etc.jpg?format=webp&height=880&upscale=false,,,,No good match found (Low match score),,,,,0
Apparatus,Glassware & Plasticware,AP9667,"Soxhlet Extractor, 250 mL",1,$341.52,https://www.flinnsci.com/soxhlet-extractor-250-ml/ap9667/,https://www.flinnsci.com/globalassets/flinn-scientific/all-product-images-rgb-jpegs/ap9666etc.jpg?format=webp&height=880&upscale=false,,,,No good match found (Low match score),,,,,0
Apparatus,Glassware & Plasticware,AP9666,"Soxhlet Extractor, 125 mL",1,$301.41,https://www.flinnsci.com/soxhlet-extractor-125-ml/ap9666/,https://www.flinnsci.com/globalassets/flinn-scientific/all-product-images-rgb-jpegs/ap9666etc.jpg?format=webp&height=880&upscale=false,,,,No good match found (Low match score),,,,,0
Apparatus,Laboratory Equipment,AP10035,DLAB StepMate Stepper Pipet,1,$145.28,https://www.flinnsci.com/dlab-stepmate-stepper-pipet/ap10035/,https://www.flinnsci.com/globalassets/flinn-scientific/all-product-images-rgb-jpegs/ap10035.jpg?format=webp&height=880&upscale=false,,,,No good match found (Low match score),,,,,0
Apparatus,Laboratory Equipment,AP10005,MagLab MagBox,1,$18.88,https://www.flinnsci.com/maglab-magbox/ap10005/,https://www.flinnsci.com/globalassets/flinn-scientific/all-product-images-rgb-jpegs/ap10005_1.jpg?format=webp&height=880&upscale=false,,,,No good match found (Low match score),,,,,0
Apparatus,Laboratory Equipment,AP9459,Microcentrifuge,1,$1350.00,https://www.flinnsci.com/microcentrifuge/ap9459/,https://www.flinnsci.com/globalassets/flinn-scientific/all-product-images-rgb-jpegs/ap9459.jpg?format=webp&height=880&upscale=false,,,,No good match found (Low match score),,,,,0
Apparatus,Laboratory Equipment,AP7453,Spectronic 200,1,$2050.00,https://www.flinnsci.com/spectronic-200/ap7453/,https://www.flinnsci.com/globalassets/flinn-scientific/all-product-images-rgb-jpegs/ap7453.jpg?format=webp&height=880&upscale=false,,,,No good match found (Low match score),,,,,0
Apparatus,Laboratory Equipment,AP8250,"Desiccator, Scheibler",1,$89.94,https://www.flinnsci.com/desiccator-scheibler/ap8250/,https://www.flinnsci.com/globalassets/flinn-scientific/all-product-images-rgb-jpegs/ap8250.jpg?format=webp&height=880&upscale=false,,,,No good match found (Low match score),,,,,0
Apparatus,Laboratory Equipment,AP8212,"Microcentrifuge, ZipCombo",1,$565.95,https://www.flinnsci.com/microcentrifuge-zipcombo/ap8212/,https://www.flinnsci.com/globalassets/flinn-scientific/all-product-images-rgb-jpegs/ap8212.jpg?format=webp&height=880&upscale=false,,,,No good match found (Low match score),,,,,0
Apparatus,Laboratory Equipment,AP9014,Microburner,1,$8.89,https://www.flinnsci.com/microburner/ap9014/,https://www.flinnsci.com/globalassets/flinn-scientific/all-product-images-rgb-jpegs/ap9014.jpg?format=webp&height=880&upscale=false,,,,No good match found (Low match score),,,,,0
Apparatus,Laboratory Equipment,FB2072,Vortexer,1,$282.78,https://www.flinnsci.com/vortexer/fb2072/,https://www.flinnsci.com/globalassets/flinn-scientific/all-product-images-rgb-jpegs/fb2072.jpg?format=webp&height=880&upscale=false,,,,No good match found (Low match score),,,,,0
Apparatus,Laboratory Supplies,AP8334,Pneumatic Trough,1,$83.35,https://www.flinnsci.com/pneumatic-trough/ap8334/,https://www.flinnsci.com/globalassets/flinn-scientific/all-product-images-rgb-jpegs/ap8334.jpg?format=webp&height=880&upscale=false,,,,No good match found (Low match score),,,,,0
Apparatus,Laboratory Supplies,AP5373,Micrometer,1,$31.43,https://www.flinnsci.com/micrometer/ap5373/,https://www.flinnsci.com/globalassets/flinn-scientific/all-product-images-rgb-jpegs/ap5373.jpg?format=webp&height=880&upscale=false,,,,No good match found (Low match score),,,,,0
Biology,"Microscopes, Stereoscopes & Slides",ML1420,Protists—Compariset™,1,$35.47,https://www.flinnsci.com/protists---compariset/ml1420/,,,,,No good match found (Low match score),,,,,0
Chemistry,Books & Review Materials,AP7933,Molecules,1,$36.87,https://www.flinnsci.com/molecules/ap7933/,https://www.flinnsci.com/globalassets/flinn-scientific/all-product-images-rgb-jpegs/ap7933.jpg?format=webp&height=880&upscale=false,,,,No good match found (Low match score),,,,,0
Chemistry,Chemistry of Toys,AP5446,Lazer Dazer,1,$8.46,https://www.flinnsci.com/lazer-dazer/ap5446/,https://www.flinnsci.com/globalassets/flinn-scientific/all-product-images-rgb-jpegs/ap5446.jpg?format=webp&height=880&upscale=false,,,,No good match found (Low match score),,,,,0
Chemistry,Laboratory Supplies,AP6286,Piezoelectric Igniter,1,$15.57,https://www.flinnsci.com/piezoelectric-igniter/ap6286/,https://www.flinnsci.com/globalassets/flinn-scientific/all-product-images-rgb-jpegs/ap6286.jpg?format=webp&height=880&upscale=false,,,,No good match found (Low match score),,,,,0
Earth & Environmental Science,Geology,AP4967,Peridotite,1,$12.10,https://www.flinnsci.com/peridotite/ap4967/,https://www.flinnsci.com/globalassets/flinn-scientific/all-product-images-rgb-jpegs/ap4945etc.jpg?format=webp&height=880&upscale=false,,,,No good match found (Low match score),,,,,0
Earth & Environmental Science,Geology,AP4909,"Dolomite, Pink/Gray",1,$8.26,https://www.flinnsci.com/dolomite-whitetan/ap4909/,https://www.flinnsci.com/globalassets/flinn-scientific/all-product-images-rgb-jpegs/ap4893etc.jpg?format=webp&height=880&upscale=false,,,,No good match found (Low match score),,,,,0
Lab Furniture,Fume Hood Accessories,SE4055,Velometer (Vaneometer®),1,$112.07,https://www.flinnsci.com/velometer-vaneometer/se4055/,https://www.flinnsci.com/globalassets/flinn-scientific/all-product-images-rgb-jpegs/se4055_2.jpg?format=webp&height=880&upscale=false,,,,No good match found (Low match score),,,,,0
Forensic Science,Footwear & Print Casting,AP7755,BioFoam® Footwear Impression,1,$18.00,https://www.flinnsci.com/biofoam-footwear-impression/ap7755/,https://www.flinnsci.com/globalassets/flinn-scientific/all-product-images-rgb-jpegs/ap7755_1.jpg?format=webp&height=880&upscale=false,,,,No good match found (Low match score),,,,,0
Physics & Physical Science,Electricity,AP9230,Tangent Galvanometer,1,$75.81,https://www.flinnsci.com/tangent-galvanometer/ap9230/,https://www.flinnsci.com/globalassets/flinn-scientific/all-product-images-rgb-jpegs/ap9230.jpg?format=webp&height=880&upscale=false,,,,No good match found (Low match score),,,,,0
Physics & Physical Science,Electricity,AP6493,Electrophorus,1,$31.49,https://www.flinnsci.com/electrophorus/ap6493/,https://www.flinnsci.com/globalassets/flinn-scientific/all-product-images-rgb-jpegs/ap6493.jpg?format=webp&height=880&upscale=false,,,,No good match found (Low match score),,,,,0
Physics & Physical Science,Energy & Work,AP6473,Collider,1,$151.30,https://www.flinnsci.com/collider/ap6473/,https://www.flinnsci.com/globalassets/flinn-scientific/all-product-images-rgb-jpegs/ap6473.jpg?format=webp&height=880&upscale=false,,,,No good match found (Low match score),,,,,0
Physics & Physical Science,Energy & Work,AP6419,Linked Springs,1,$35.29,https://www.flinnsci.com/linked-springs/ap6419/,https://www.flinnsci.com/globalassets/flinn-scientific/all-product-images-rgb-jpegs/ap6419.jpg?format=webp&height=880&upscale=false,,,,No good match found (Low match score),,,,,0
Physics & Physical Science,Flinn PSworks,AP7208,PSworks Parabola™,1,$105.13,https://www.flinnsci.com/psworks-parabola/ap7208/,https://www.flinnsci.com/globalassets/flinn-scientific/all-product-images-rgb-jpegs/ap7208.jpg?format=webp&height=880&upscale=false,,,,No good match found (Low match score),,,,,0
Physics & Physical Science,Forces & Equilibrium,AP5764,Coupled Harmonic Oscillator,1,$257.00,https://www.flinnsci.com/coupled-harmonic-oscillator/ap5764/,https://www.flinnsci.com/globalassets/flinn-scientific/all-product-images-rgb-jpegs/ap5764.jpg?format=webp&height=880&upscale=false,,,,No good match found (Low match score),,,,,0
Physics & Physical Science,Forces & Equilibrium,AP4621,Torque Feeler,1,$93.83,https://www.flinnsci.com/torque-feeler/ap4621/,https://www.flinnsci.com/globalassets/flinn-scientific/all-product-images-rgb-jpegs/ap4621_new.jpg?format=webp&height=880&upscale=false,,,,No good match found (Low match score),,,,,0
Physics & Physical Science,Magnetism,AP5662,Magnetizer,1,$226.22,https://www.flinnsci.com/magnetizer/ap5662/,https://www.flinnsci.com/globalassets/flinn-scientific/all-product-images-rgb-jpegs/ap5662.jpg?format=webp&height=880&upscale=false,,,,No good match found (Low match score),,,,,0
Physics & Physical Science,Modern Materials,AP7776,Aerogel,1,$55.82,https://www.flinnsci.com/aerogel/ap7776/,https://www.flinnsci.com/globalassets/flinn-scientific/all-product-images-rgb-jpegs/ap7776.jpg?format=webp&height=880&upscale=false,,,,No good match found (Low match score),,,,,0
Physics & Physical Science,Motion,AP1972,Celt,1,$6.38,https://www.flinnsci.com/celt/ap1972/,https://www.flinnsci.com/globalassets/flinn-scientific/all-product-images-rgb-jpegs/ap1972.jpg?format=webp&height=880&upscale=false,,,,No good match found (Low match score),,,,,0
Physics & Physical Science,Physics of Toys,AP6657,Airzooka,1,$26.00,https://www.flinnsci.com/airzooka/ap6657/,https://www.flinnsci.com/globalassets/flinn-scientific/all-product-images-rgb-jpegs/ap6657.jpg?format=webp&height=880&upscale=false,,,,No good match found (Low match score),,,,,0
Physics & Physical Science,Pressure,AP4638,Magdeburg Hemispheres,1,$48.25,https://www.flinnsci.com/magdeburg-hemispheres/ap4638/,https://www.flinnsci.com/globalassets/flinn-scientific/all-product-images-rgb-jpegs/ap4638.jpg?format=webp&height=880&upscale=false,,,,No good match found (Low match score),,,,,0
360Science,NA,DC11656,360Science™: Compressibility,1,$0.00,https://www.flinnsci.com/360science-compressibility/dc11656/,,,,,No good match found (Low match score),,,,,0
360Science,NA,DC11655,360Science™: Cartesian Divers,1,$0.00,https://www.flinnsci.com/360science-cartesian-divers/dc11655/,,,,,No good match found (Low match score),,,,,0
360Science,NA,DC11654,360Science™: Manipulating Equilibria,1,$0.00,https://www.flinnsci.com/360science-manipulating-equilibria/dc11654/,,,,,No good match found (Low match score),,,,,0
360Science,NA,DC11607,360Science™: Planaria Regeneration,1,$0.00,https://www.flinnsci.com/360science-planaria-regeneration/dc11607/,,,,,No good match found (Low match score),,,,,0
360Science,NA,DC11578,360Science™: Catching Rainwater,1,$0.00,https://www.flinnsci.com/360science-catching-rainwater/dc11578/,,,,,No good match found (Low match score),,,,,0
Biology,Anatomy & Physiology,VEL1061,Sewer Lice,1,$0.00,https://www.flinnsci.com/sewer-lice3/vel1061/,,,,,No good match found (Low match score),,,,,0
Biology,Anatomy & Physiology,DC91061,Sewer Lice,1,$0.00,https://www.flinnsci.com/sewer-lice2/dc91061/,,,,,No good match found (Low match score),,,,,0
Biology,Anatomy & Physiology,DC10852,Mechanoreceptors,1,$0.00,https://www.flinnsci.com/mechanoreceptors/dc10852/,,,,,No good match found (Low match score),,,,,0
Biology,Anatomy & Physiology,DC10054,Sewer Lice,1,$0.00,https://www.flinnsci.com/sewer-lice/dc10054/,,,,,No good match found (Low match score),,,,,0
Biology,Animals,VFM0449,Minks Versus Cats,1,$0.00,https://www.flinnsci.com/minks-versus-cats/vfm0449/,,,,,No good match found (Low match score),,,,,0
Biology,Animals,DC11245,Culturing Praying Mantises,1,$0.00,https://www.flinnsci.com/culturing-praying-mantises/dc11245/,,,,,No good match found (Low match score),,,,,0
Biology,Animals,DC11028,Culturing Snails,1,$0.00,https://www.flinnsci.com/culturing-snails/dc11028/,,,,,No good match found (Low match score),,,,,0
Biology,Animals,DC11027,Culturing Rotifers,1,$0.00,https://www.flinnsci.com/culturing-rotifers/dc11027/,,,,,No good match found (Low match score),,,,,0
Biology,Animals,DC10732,Vermicomposting,1,$0.00,https://www.flinnsci.com/vermicomposting/dc10732/,,,,,No good match found (Low match score),,,,,0
Biology,Animals,DC10585,Culturing Planaria,1,$0.00,https://www.flinnsci.com/culturing-planaria/dc10585/,,,,,No good match found (Low match score),,,,,0
Biology,Animals,DC10584,Culturing Mealworms,1,$0.00,https://www.flinnsci.com/culturing-mealworms/dc10584/,,,,,No good match found (Low match score),,,,,0
Biology,Animals,DC10582,Culturing Crickets,1,$0.00,https://www.flinnsci.com/culturing-crickets/dc10582/,,,,,No good match found (Low match score),,,,,0
Biology,Animals,DC10580,Culturing Daphnia,1,$0.00,https://www.flinnsci.com/culturing-daphnia/dc10580/,,,,,No good match found (Low match score),,,,,0
Biology,Animals,DC10579,Culturing Hydra,1,$0.00,https://www.flinnsci.com/culturing-hydra/dc10579/,,,,,No good match found (Low match score),,,,,0
Biology,Animals,DC10380,LD50,1,$0.00,https://www.flinnsci.com/ld50/dc10380/,,,,,No good match found (Low match score),,,,,0
Biology,Animals,DC10156,Lumbriculus variegatus,1,$0.00,https://www.flinnsci.com/lumbriculus-variegatus/dc10156/,,,,,No good match found (Low match score),,,,,0
Biology,Animals,DC0952,Formalternate,1,$0.00,https://www.flinnsci.com/formalternate/dc0952/,,,,,No good match found (Low match score),,,,,0
Biology,Biochemistry,DC2016,Toothpick Biochemistry,1,$0.00,https://www.flinnsci.com/toothpick-biochemistry/dc2016/,,,,,No good match found (Low match score),,,,,0
Biology,Biochemistry,DC11275,Lactose Intolerance,1,$0.00,https://www.flinnsci.com/lactose-intolerance/dc11275/,,,,,No good match found (Low match score),,,,,0
Biology,Care Guides,DC10578,Culturing Euglena,1,$0.00,https://www.flinnsci.com/culturing-euglena/dc10578/,,,,,No good match found (Low match score),,,,,0
Biology,Care Guides,DC10576,Culturing Amoeba,1,$0.00,https://www.flinnsci.com/culturing-amoeba/dc10576/,,,,,No good match found (Low match score),,,,,0
Biology,Cells,DC10159,Stressed Membranes,1,$0.00,https://www.flinnsci.com/stressed-membranes/dc10159/,,,,,No good match found (Low match score),,,,,0
Biology,Microbiology,VPD0166,"Petrifilm, FB1171",1,$0.00,https://www.flinnsci.com/petrifilm-fb1171/vpd0166/,,,,,No good match found (Low match score),,,,,0
Biology,Plants,DC10599,Fantastic Fluorescing Chlorophyll,1,$0.00,https://www.flinnsci.com/fantastic-fluorescing-chlorophyll/dc10599/,,,,,No good match found (Low match score),,,,,0
Biology,Protozoa,DC11284,Culturing Chilomonas,1,$0.00,https://www.flinnsci.com/culturing-chilomonas/dc11284/,,,,,No good match found (Low match score),,,,,0
Chemistry,Chemical Demonstrations,VPD0232,Polysnow™,1,$0.00,https://www.flinnsci.com/polysnow_e8a6b1e4/vpd0232/,,,,,No good match found (Low match score),,,,,0
Chemistry,Chemical Demonstrations,VEL5018,Yellow-Blue Switcheroo,1,$0.00,https://www.flinnsci.com/yellow-blue-switcheroo/vel5018/,,,,,No good match found (Low match score),,,,,0
Chemistry,Chemical Demonstrations,VEL5017,Sudsy Kinetics,1,$0.00,https://www.flinnsci.com/sudsy-kinetics3/vel5017/,,,,,No good match found (Low match score),,,,,0
Chemistry,Chemical Demonstrations,VEL1821,Redox Analogies,1,$0.00,https://www.flinnsci.com/redox-analogies2/vel1821/,,,,,No good match found (Low match score),,,,,0
Chemistry,Chemical Demonstrations,VEL1812B,Fluorescence,1,$0.00,https://www.flinnsci.com/fluorescence2/vel1812b/,,,,,No good match found (Low match score),,,,,0
Chemistry,Chemical Demonstrations,VEL1722,Cartesian Divers,1,$0.00,https://www.flinnsci.com/cartesian-divers_64f1d434/vel1722/,,,,,No good match found (Low match score),,,,,0
Chemistry,Chemical Demonstrations,VEL1652,Cartesian Diver-sions,1,$0.00,https://www.flinnsci.com/cartesian-diver-sions2/vel1652/,,,,,No good match found (Low match score),,,,,0
Chemistry,Chemical Demonstrations,VEL1618,Methane Mamba,1,$0.00,https://www.flinnsci.com/methane-mamba2/vel1618/,,,,,No good match found (Low match score),,,,,0
Chemistry,Chemical Demonstrations,VEL1531,Colorimetry,1,$0.00,https://www.flinnsci.com/colorimetry2/vel1531/,,,,,No good match found (Low match score),,,,,0
Chemistry,Chemical Demonstrations,VEL1512,Supersaturation,1,$0.00,https://www.flinnsci.com/supersaturation/vel1512/,,,,,No good match found (Low match score),,,,,0
Chemistry,Chemical Demonstrations,VEL1458,Camphor Lice!,1,$0.00,https://www.flinnsci.com/camphor-lice2/vel1458/,,,,,No good match found (Low match score),,,,,0
Chemistry,Chemical Demonstrations,VEL1431,Photonic Phosphorescence,1,$0.00,https://www.flinnsci.com/photonic-phosphorescence2/vel1431/,,,,,No good match found (Low match score),,,,,0
Chemistry,Chemical Demonstrations,VEL1414,Hexaflexagon,1,$0.00,https://www.flinnsci.com/hexaflexagon2/vel1414/,,,,,No good match found (Low match score),,,,,0
Chemistry,Chemical Demonstrations,VEL1413,Pink Catalyst,1,$0.00,https://www.flinnsci.com/pink-catalyst2/vel1413/,,,,,No good match found (Low match score),,,,,0
Chemistry,Chemical Demonstrations,VEL1404,Blue + Blue does not equal Blue,1,$0.00,https://www.flinnsci.com/blue--blue-does-not-equal-blue/vel1404/,,,,,No good match found (Low match score),,,,,0
Chemistry,Chemical Demonstrations,VEL1305,Flameless Ration Heaters,1,$0.00,https://www.flinnsci.com/flameless-ration-heaters/vel1305/,,,,,No good match found (Low match score),,,,,0
Chemistry,Chemical Demonstrations,VEL1304,Paraffin Paradox,1,$0.00,https://www.flinnsci.com/paraffin-paradox2/vel1304/,,,,,No good match found (Low match score),,,,,0
Chemistry,Chemical Demonstrations,VEL1258,Lightstick Kinetics,1,$0.00,https://www.flinnsci.com/lightstick-kinetics2/vel1258/,,,,,No good match found (Low match score),,,,,0
Chemistry,Chemical Demonstrations,VEL1243,Molarity versus Molality,1,$0.00,https://www.flinnsci.com/molarity-versus-molality2/vel1243/,,,,,No good match found (Low match score),,,,,0
Chemistry,Chemical Demonstrations,VEL1214,Rutherford Scattering,1,$0.00,https://www.flinnsci.com/rutherford-scattering2/vel1214/,,,,,No good match found (Low match score),,,,,0
Chemistry,Chemical Demonstrations,DC95018,Yellow–Blue Switcheroo,1,$0.00,https://www.flinnsci.com/yellowblue-switcheroo/dc95018/,,,,,No good match found (Low match score),,,,,0
Chemistry,Chemical Demonstrations,DC95017,Sudsy Kinetics,1,$0.00,https://www.flinnsci.com/sudsy-kinetics2/dc95017/,,,,,No good match found (Low match score),,,,,0
Chemistry,Chemical Demonstrations,DC91821,Redox Analogies,1,$0.00,https://www.flinnsci.com/redox-analogies/dc91821/,,,,,No good match found (Low match score),,,,,0
Chemistry,Chemical Demonstrations,DC91812B,Fluorescence,1,$0.00,https://www.flinnsci.com/fluorescence/dc91812b/,,,,,No good match found (Low match score),,,,,0
Chemistry,Chemical Demonstrations,DC91722,Cartesian Divers,1,$0.00,https://www.flinnsci.com/cartesian-divers_1572e92e/dc91722/,,,,,No good match found (Low match score),,,,,0
Chemistry,Chemical Demonstrations,DC91652,Cartesian Diver-sions,1,$0.00,https://www.flinnsci.com/cartesian-diver-sions/dc91652/,,,,,No good match found (Low match score),,,,,0
Chemistry,Chemical Demonstrations,DC91618,Methane Mamba,1,$0.00,https://www.flinnsci.com/methane-mamba/dc91618/,,,,,No good match found (Low match score),,,,,0
Chemistry,Chemical Demonstrations,DC91531,Colorimetry,1,$0.00,https://www.flinnsci.com/colorimetry/dc91531/,,,,,No good match found (Low match score),,,,,0
Chemistry,Chemical Demonstrations,DC91458,Camphor Lice!,1,$0.00,https://www.flinnsci.com/camphor-lice/dc91458/,,,,,No good match found (Low match score),,,,,0
Chemistry,Chemical Demonstrations,DC91431,Photonic Phosphorescence,1,$0.00,https://www.flinnsci.com/photonic-phosphorescence/dc91431/,,,,,No good match found (Low match score),,,,,0
Chemistry,Chemical Demonstrations,DC91414,Hexaflexagon,1,$0.00,https://www.flinnsci.com/hexaflexagon/dc91414/,,,,,No good match found (Low match score),,,,,0
Chemistry,Chemical Demonstrations,DC91413,Pink Catalyst,1,$0.00,https://www.flinnsci.com/pink-catalyst/dc91413/,,,,,No good match found (Low match score),,,,,0
Chemistry,Chemical Demonstrations,DC91404,Blue + Blue ≠ Blue,1,$0.00,https://www.flinnsci.com/blue--blue--blue/dc91404/,,,,,No good match found (Low match score),,,,,0
Chemistry,Chemical Demonstrations,DC91304,Paraffin Paradox,1,$0.00,https://www.flinnsci.com/paraffin-paradox/dc91304/,,,,,No good match found (Low match score),,,,,0
Chemistry,Chemical Demonstrations,DC91258,Lightstick Kinetics,1,$0.00,https://www.flinnsci.com/lightstick-kinetics/dc91258/,,,,,No good match found (Low match score),,,,,0
Chemistry,Chemical Demonstrations,DC91243,Molarity versus Molality,1,$0.00,https://www.flinnsci.com/molarity-versus-molality/dc91243/,,,,,No good match found (Low match score),,,,,0
Chemistry,Chemical Demonstrations,DC91214,Rutherford Scattering,1,$0.00,https://www.flinnsci.com/rutherford-scattering/dc91214/,,,,,No good match found (Low match score),,,,,0
Chemistry,Chemical Demonstrations,DC8836,Dissolvo,1,$0.00,https://www.flinnsci.com/dissolvo/dc8836/,,,,,No good match found (Low match score),,,,,0
Chemistry,Chemical Demonstrations,DC5446,Lazer Dazer,1,$0.00,https://www.flinnsci.com/lazer-dazer_cca6f5fc/dc5446/,,,,,No good match found (Low match score),,,,,0
Chemistry,Chemical Demonstrations,DC19621,Polyspheres,1,$0.00,https://www.flinnsci.com/polyspheres/dc19621/,,,,,No good match found (Low match score),,,,,0
Chemistry,Chemical Demonstrations,DC10733,Pseudoscience,1,$0.00,https://www.flinnsci.com/pseudoscience/dc10733/,,,,,No good match found (Low match score),,,,,0
Chemistry,Chemical Demonstrations,DC10730,Sugar3 Catalyst,1,$0.00,https://www.flinnsci.com/sugar3-catalyst/dc10730/,,,,,No good match found (Low match score),,,,,0
Chemistry,Chemical Demonstrations,DC10659,Avogadro Rap,1,$0.00,https://www.flinnsci.com/avogadro-rap/dc10659/,,,,,No good match found (Low match score),,,,,0
Chemistry,Chemical Demonstrations,DC10474,PolySnow,1,$0.00,https://www.flinnsci.com/polysnow_1171b88b/dc10474/,,,,,No good match found (Low match score),,,,,0
Chemistry,Chemical Demonstrations,DC10246,Electronegativity,1,$0.00,https://www.flinnsci.com/electronegativity/dc10246/,,,,,No good match found (Low match score),,,,,0
Chemistry,Chemical Demonstrations,DC10216,Sudsy Kinetics,1,$0.00,https://www.flinnsci.com/sudsy-kinetics/dc10216/,,,,,No good match found (Low match score),,,,,0
Chemistry,Chemical Demonstrations,DC10081,Underwater Fireworks,1,$0.00,https://www.flinnsci.com/underwater-fireworks/dc10081/,,,,,No good match found (Low match score),,,,,0
Chemistry,Chemical Demonstrations,DC0232,Separatory Sorcery,1,$0.00,https://www.flinnsci.com/separatory-sorcery/dc0232/,,,,,No good match found (Low match score),,,,,0
Chemistry,Student Lab Activities,VFM0354,Cartesian Divers,1,$0.00,https://www.flinnsci.com/cartesian-divers_9985ebe8/vfm0354/,,,,,No good match found (Low match score),,,,,0
Chemistry,Student Lab Activities,DC10570,Ban Dihydrogen Monoxide!,1,$0.00,https://www.flinnsci.com/ban-dihydrogen-monoxide/dc10570/,,,,,No good match found (Low match score),,,,,0
Chemistry,Student Lab Activities,DC10480,Plotting Trends,1,$0.00,https://www.flinnsci.com/plotting-trends/dc10480/,,,,,No good match found (Low match score),,,,,0
Earth & Environmental Science,Water Testing,DC0846,Winkler Titration,1,$0.00,https://www.flinnsci.com/winkler-titration/dc0846/,,,,,No good match found (Low match score),,,,,0
Physics & Physical Science,Energy & Work,VPD0284,"Collider, AP6473",1,$0.00,https://www.flinnsci.com/collider-ap6473/vpd0284/,,,,,No good match found (Low match score),,,,,0
Physics & Physical Science,Energy & Work,DC1972,Celt,1,$0.00,https://www.flinnsci.com/celt_794de838/dc1972/,,,,,No good match found (Low match score),,,,,0
Physics & Physical Science,Student Lab Activities,DC11533,FlinnSTEM Product Brochure,1,$0.00,https://www.flinnsci.com/flinnstem-product-brochure/dc11533/,,,,,No good match found (Low match score),,,,,0
Safety Reference,Flinn Safety Course,VSC0629,Negligence - Damages,1,$0.00,https://www.flinnsci.com/negligence---damages/vsc0629/,,,,,No good match found (Low match score),,,,,0
Safety Reference,Safety Demonstrations,DC10366,Flaming Fingernails,1,$0.00,https://www.flinnsci.com/flaming-fingernails/dc10366/,,,,,No good match found (Low match score),,,,,0
Chemicals,NA,P0268,"Perchloroethylene, 500 mL",1,$33.95,https://www.flinnsci.com/perchloroethylene-500-ml/p0268/,https://www.flinnsci.com/globalassets/flinn-scientific/all-product-images-rgb-jpegs/p0268_e.jpg?format=webp&height=880&upscale=false,,,,No good match found (Low match score),,,,,0
Chemicals,NA,P0213,"Pentane, 100 mL",1,$11.00,https://www.flinnsci.com/pentane-100-ml/p0213/,https://www.flinnsci.com/globalassets/flinn-scientific/all-product-images-rgb-jpegs/p0213_e.jpg?format=webp&height=880&upscale=false,,,,No good match found (Low match score),,,,,0
Chemicals,NA,M0215,"Mesitylene, 100 mL",1,$38.90,https://www.flinnsci.com/mesitylene-100-ml/m0215/,https://www.flinnsci.com/globalassets/flinn-scientific/all-product-images-rgb-jpegs/m0215_e.jpg?format=webp&height=880&upscale=false,,,,No good match found (Low match score),,,,,0
Chemicals,NA,C0289,"Cyclohexanone, 500 mL",1,$37.26,https://www.flinnsci.com/cyclohexanone-500-ml/c0289/,https://www.flinnsci.com/globalassets/flinn-scientific/all-product-images-rgb-jpegs/c0289_e.jpg?format=webp&height=880&upscale=false,,,,No good match found (Low match score),,,,,0
Chemicals,NA,C0113,"Cyclohexane, 500 mL",1,$13.84,https://www.flinnsci.com/cyclohexane-500-ml/c0113/,https://www.flinnsci.com/globalassets/flinn-scientific/all-product-images-rgb-jpegs/c0113_e.jpg?format=webp&height=880&upscale=false,,,,No good match found (Low match score),,,,,0
Chemicals,NA,B0239,"2-Bromobutane, 100 mL",1,$39.78,https://www.flinnsci.com/2-bromobutane-100-ml/b0239/,https://www.flinnsci.com/globalassets/flinn-scientific/all-product-images-rgb-jpegs/b0239_e.jpg?format=webp&height=880&upscale=false,,,,No good match found (Low match score),,,,,0
Chemicals,NA,B0238,"1-Bromobutane, 100 mL",1,$20.34,https://www.flinnsci.com/1-bromobutane-100-ml/b0238/,https://www.flinnsci.com/globalassets/flinn-scientific/all-product-images-rgb-jpegs/b0238_e.jpg?format=webp&height=880&upscale=false,,,,No good match found (Low match score),,,,,0
Chemicals,NA,Q0018,"1-Octanol, 100 mL",1,$15.69,https://www.flinnsci.com/1-octanol-100-ml/q0018/,https://www.flinnsci.com/globalassets/flinn-scientific/all-product-images-rgb-jpegs/q0018_e.jpg?format=webp&height=880&upscale=false,,,,No good match found (Low match score),,,,,0
Chemicals,NA,Q0014,"1-Octanol, 500 mL",1,$40.23,https://www.flinnsci.com/1-octanol-500-ml/q0014/,https://www.flinnsci.com/globalassets/flinn-scientific/all-product-images-rgb-jpegs/q0014_e.jpg?format=webp&height=880&upscale=false,,,,No good match found (Low match score),,,,,0
Chemicals,NA,K0002,"Kerosene, 500 mL",1,$12.64,https://www.flinnsci.com/kerosene-500-ml/k0002/,https://www.flinnsci.com/globalassets/flinn-scientific/all-product-images-rgb-jpegs/k0002_e.jpg?format=webp&height=880&upscale=false,,,,No good match found (Low match score),,,,,0
Chemicals,NA,C0141,"Cyclohexene, 500 mL",1,$66.68,https://www.flinnsci.com/cyclohexene-500-ml/c0141/,https://www.flinnsci.com/globalassets/flinn-scientific/all-product-images-rgb-jpegs/c0141_e.jpg?format=webp&height=880&upscale=false,,,,No good match found (Low match score),,,,,0
Chemicals,NA,C0190,"Cyclohexanol, 500 mL",1,$60.24,https://www.flinnsci.com/cyclohexanol-500-ml/c0190/,https://www.flinnsci.com/globalassets/flinn-scientific/all-product-images-rgb-jpegs/c0190_e.jpg?format=webp&height=880&upscale=false,,,,No good match found (Low match score),,,,,0
Chemicals,NA,B0138,"Bromobenzene, 100 mL",1,$44.83,https://www.flinnsci.com/bromobenzene-100-ml/b0138/,https://www.flinnsci.com/globalassets/flinn-scientific/all-product-images-rgb-jpegs/b0138_e.jpg?format=webp&height=880&upscale=false,,,,No good match found (Low match score),,,,,0
Chemicals,NA,B0017,"Benzaldehyde, 100 mL",1,$26.68,https://www.flinnsci.com/benzaldehyde-100-ml/b0017/,https://www.flinnsci.com/globalassets/flinn-scientific/all-product-images-rgb-jpegs/b0017_e.jpg?format=webp&height=880&upscale=false,,,,No good match found (Low match score),,,,,0
